Attrition,Age,BusinessTravel,DistanceFromHome,JobSatisfaction,MaritalStatus,MonthlyIncome,OverTime,StockOptionLevel,TotalWorkingYears,WorkLifeBalance,YearsAtCompany,YearsInCurrentRole,YearsSinceLastPromotion
1,41,2,1,4,2,5993,1,0,8,1,6,4,0
0,49,1,8,2,1,5130,0,1,10,3,10,7,1
1,37,2,2,3,2,2090,1,0,7,3,0,0,0
0,33,1,3,3,1,2909,1,0,8,3,8,7,3
0,27,2,2,2,1,3468,0,1,6,3,2,2,2
0,32,1,2,4,2,3068,0,0,8,2,7,7,3
0,59,2,3,1,1,2670,1,3,12,2,1,0,0
0,30,2,24,3,0,2693,0,1,1,3,1,0,0
0,38,1,23,3,2,9526,0,0,10,3,9,7,1
0,36,2,27,3,1,5237,0,2,17,2,7,7,7
0,35,2,16,2,1,2426,0,1,6,3,5,4,0
0,29,2,15,3,2,4193,1,0,10,3,9,5,0
0,31,2,26,3,0,2911,0,1,5,2,5,2,4
0,34,2,19,4,0,2661,0,1,3,3,2,2,1
1,28,2,24,3,2,2028,1,0,6,3,4,2,0
0,29,2,21,1,0,9980,0,1,10,3,10,9,8
0,32,2,5,2,0,3298,1,2,7,2,6,2,0
0,22,0,16,4,0,2935,1,2,1,2,1,0,0
0,53,2,2,4,1,15427,0,0,31,3,25,8,3
0,38,2,2,4,2,3944,1,0,6,3,3,2,1
0,24,0,11,3,0,4011,0,1,5,2,4,2,1
1,36,2,9,1,2,3407,0,0,10,3,5,3,0
0,34,2,7,2,2,11994,0,0,13,3,12,6,2
0,21,2,15,4,2,1232,0,0,0,3,0,0,0
1,34,2,6,1,2,2960,0,0,8,3,4,2,1
0,53,2,5,3,0,19094,0,1,26,2,14,13,4
1,32,1,16,1,2,3919,1,0,10,3,10,2,6
0,42,2,8,2,1,6825,0,1,10,3,9,7,4
0,44,2,7,4,1,10248,0,1,24,3,22,6,5
0,46,2,2,1,2,18947,0,0,22,2,2,2,2
0,33,2,2,4,2,2496,0,0,7,3,1,1,0
0,44,2,10,4,1,6465,1,0,9,4,4,2,1
0,30,2,9,3,2,2206,0,0,10,3,10,0,1
1,39,2,5,4,1,2086,0,1,19,4,1,0,0
1,24,2,1,4,1,2293,1,1,6,2,2,0,2
0,43,2,2,3,0,2645,0,2,6,2,5,3,1
1,50,2,3,3,1,2683,1,0,3,3,3,2,0
0,35,2,2,4,1,2014,0,0,2,3,2,2,2
0,36,2,5,1,1,3419,1,1,6,4,1,1,0
0,33,1,1,1,1,5376,0,2,10,3,5,3,1
0,35,2,4,4,0,1951,0,1,1,3,1,0,0
0,27,2,2,1,0,2341,0,1,1,3,1,0,0
1,26,2,25,3,2,2293,0,0,1,2,1,0,0
0,27,1,8,3,2,8726,0,0,9,3,9,8,1
0,30,1,1,4,2,4011,0,0,12,3,12,8,3
1,41,2,12,3,1,19545,0,0,23,3,22,15,15
0,34,0,23,3,2,4568,0,0,10,3,9,5,8
0,37,2,19,2,1,3022,0,0,8,3,1,0,0
0,46,1,5,4,2,5772,1,0,14,3,9,6,0
0,35,2,8,4,1,2269,0,0,1,3,1,0,0
1,48,2,1,3,2,5381,1,0,23,3,1,0,0
1,28,2,5,3,2,3441,1,0,2,2,2,2,2
0,44,2,1,1,0,5454,1,1,9,2,4,3,1
0,35,0,11,1,1,9884,1,1,10,3,4,0,2
0,26,2,23,4,1,4157,1,1,5,2,2,2,0
0,33,1,1,4,2,13458,1,0,15,3,15,14,8
0,35,1,18,1,1,9069,0,1,9,2,9,8,1
0,35,2,23,1,1,4014,1,1,4,3,2,2,2
0,31,2,7,4,0,5915,0,1,10,2,7,7,1
0,37,2,1,3,0,5993,0,1,7,4,7,5,0
0,32,2,1,4,1,6162,1,1,9,3,9,8,7
0,38,1,29,4,2,2406,0,0,10,3,10,3,9
0,50,2,7,3,0,18740,1,1,29,2,27,3,13
0,59,2,25,1,2,7637,0,0,28,2,21,16,7
0,36,2,8,3,0,10096,0,3,17,3,17,14,12
0,55,2,8,3,0,14756,1,3,21,3,5,0,0
0,36,1,11,2,2,6499,0,0,6,3,6,5,0
0,45,2,7,1,0,9724,0,1,25,3,1,0,0
0,35,1,1,1,1,2194,0,1,5,2,3,2,1
1,36,2,9,3,1,3388,1,1,2,2,1,0,0
0,59,1,1,3,2,5473,0,0,20,2,4,3,1
0,29,2,2,2,1,2703,0,1,6,3,5,4,0
0,31,2,1,2,2,2501,0,0,1,3,1,1,1
0,32,2,1,2,1,6220,0,2,10,3,10,4,0
0,36,2,6,4,1,3038,0,0,5,3,1,0,0
0,31,2,8,4,2,4424,0,0,11,3,11,7,1
0,35,2,1,1,2,4312,0,0,16,3,15,13,2
0,45,2,6,1,1,13245,1,0,17,4,0,0,0
0,37,2,7,3,2,13664,0,0,16,4,5,2,0
0,46,2,5,2,0,5021,1,1,16,3,4,2,0
0,30,2,1,4,1,5126,1,2,10,2,10,8,3
0,35,2,1,3,2,2859,0,0,6,3,6,4,0
0,55,2,1,4,1,10239,0,1,24,3,1,0,1
0,38,0,6,4,0,5329,1,3,17,3,13,11,1
0,34,2,1,2,1,4325,0,0,5,3,5,2,1
0,56,2,7,4,2,7260,0,0,37,2,6,4,0
0,23,2,2,1,0,2322,0,1,3,3,0,0,0
0,51,2,9,4,1,2075,0,2,10,3,4,2,0
0,30,2,2,4,1,4152,0,3,11,3,11,10,10
1,46,2,9,4,2,9619,0,0,9,3,9,8,4
0,40,1,1,2,1,13503,0,1,22,2,22,3,11
0,51,2,21,4,2,5441,1,0,11,1,10,7,1
0,30,2,4,2,0,5209,1,3,11,2,11,8,2
0,46,1,1,1,1,10673,1,1,21,2,10,9,9
0,32,2,6,3,2,5010,0,0,12,3,11,8,5
0,54,2,2,3,1,13549,0,1,16,1,4,3,0
0,24,2,3,3,1,4999,0,1,4,2,3,2,0
0,28,0,4,3,1,4221,0,0,5,4,5,4,0
0,58,2,10,3,2,13872,0,0,38,2,37,10,1
0,44,0,23,2,1,2042,0,1,17,4,3,2,1
1,37,2,6,1,0,2073,1,0,7,3,3,2,0
0,32,2,1,1,2,2956,0,0,1,3,1,0,0
1,20,1,6,4,2,2926,1,0,1,3,1,0,1
0,34,2,6,3,2,4809,0,0,16,3,16,13,2
0,37,0,2,4,0,5163,0,1,17,4,1,0,0
0,59,0,2,4,1,18844,0,1,30,3,3,2,2
0,50,1,1,2,1,18172,1,0,28,2,8,3,0
1,25,2,5,3,2,5744,1,0,6,3,6,4,0
0,25,2,7,4,1,2889,0,2,2,3,2,2,2
0,22,2,15,4,2,2871,0,0,1,3,0,0,0
0,51,1,1,1,2,7484,0,0,23,2,13,12,12
1,34,1,7,3,2,6074,1,0,9,3,9,7,0
0,54,0,26,4,2,17328,1,0,23,3,5,3,4
0,24,2,18,3,1,2774,0,1,6,3,5,3,1
0,34,2,6,2,0,4505,0,1,12,3,1,0,0
0,37,2,3,4,2,7428,0,0,12,3,5,3,1
0,34,2,5,1,2,11631,0,0,14,3,11,10,5
0,36,1,11,4,1,9738,0,1,10,3,9,7,2
0,36,2,3,4,0,2835,0,1,7,3,1,0,0
0,43,1,26,4,1,16959,1,2,25,4,25,12,4
0,30,1,23,3,0,2613,0,3,10,2,10,7,0
0,33,0,22,2,1,6146,0,1,8,4,7,7,0
1,56,2,14,2,1,4963,1,3,7,3,5,4,4
0,51,2,6,3,2,19537,0,0,23,3,20,18,15
1,31,2,6,3,1,6172,1,0,12,2,7,7,7
0,26,2,6,2,1,2368,0,0,5,2,5,4,4
1,58,2,23,4,1,10312,0,1,40,2,40,10,15
1,19,2,22,3,2,1675,1,0,0,2,0,0,0
0,22,2,2,4,1,2523,0,1,3,3,2,1,2
0,49,2,20,1,1,6567,0,0,16,2,15,11,5
0,43,1,28,3,2,4739,0,0,18,3,3,2,1
0,50,1,12,4,2,9208,0,0,16,3,2,2,2
1,31,2,20,3,1,4559,1,1,4,3,2,2,2
0,41,2,9,3,0,8189,1,1,12,3,9,7,0
0,26,2,25,3,1,2942,0,1,8,3,8,7,5
0,36,2,6,2,0,4941,0,2,7,3,3,2,0
1,51,1,8,4,2,10650,0,0,18,3,4,2,0
0,39,2,4,3,1,5902,0,1,17,4,15,11,5
0,25,2,28,3,1,8639,0,0,6,3,2,2,2
0,30,2,9,4,1,6347,1,0,12,1,11,9,4
1,32,2,9,1,2,4200,0,0,10,4,5,4,0
0,45,2,29,4,2,3452,0,0,9,2,6,5,0
0,38,2,3,3,2,4317,1,0,19,3,3,2,2
0,30,2,18,3,2,2632,0,0,5,2,5,4,0
0,32,1,9,4,0,4668,0,3,9,4,8,7,0
0,30,2,5,1,0,3204,0,1,8,3,3,2,2
0,30,2,2,4,2,2720,0,0,6,3,5,3,1
0,41,1,10,1,0,17181,0,1,21,2,7,6,7
0,41,2,9,1,1,2238,0,1,7,3,5,0,1
0,19,2,3,2,2,1483,0,0,1,3,1,0,0
0,40,1,26,2,0,5605,0,1,20,3,20,7,2
0,35,2,1,2,1,7295,0,2,10,3,10,8,0
0,53,2,6,3,1,2306,1,1,13,1,7,7,4
0,45,2,9,2,0,2348,0,1,20,1,17,9,0
0,32,1,8,4,2,8998,0,0,9,3,9,8,3
0,29,0,1,3,1,4319,0,1,10,3,10,7,0
0,51,2,7,3,1,6132,0,0,10,3,1,0,0
0,58,2,9,2,1,3346,1,1,9,2,1,0,0
0,40,2,4,4,1,10855,0,1,15,2,12,11,2
0,34,1,2,3,1,2231,0,1,6,3,4,3,1
0,22,2,19,4,1,2323,0,2,2,3,2,2,2
0,27,0,9,2,0,2024,0,1,6,1,2,2,2
0,28,2,21,4,1,2713,0,1,5,1,5,2,0
0,57,2,24,4,0,9439,1,1,12,1,5,3,1
0,27,0,3,3,0,2566,1,1,1,2,1,1,0
0,50,2,11,2,2,19926,0,0,21,3,5,4,4
0,41,2,14,3,0,2451,0,1,13,3,9,8,1
0,30,2,5,4,1,9419,0,1,12,3,10,9,7
0,38,2,1,4,2,8686,0,0,12,4,8,3,0
0,32,2,6,3,2,3038,0,0,8,3,5,4,1
0,27,2,17,2,1,3058,1,1,6,2,5,2,1
1,19,1,1,1,2,2325,0,0,1,4,0,0,0
0,36,1,3,2,2,2088,0,0,13,2,8,7,7
0,30,0,9,1,0,3072,0,2,12,3,12,9,6
0,45,2,4,1,0,5006,1,1,9,4,5,4,0
0,56,2,8,1,0,4257,1,1,19,3,2,2,2
0,33,2,2,4,2,2500,0,0,4,4,3,1,0
1,19,2,2,4,2,1102,0,0,1,2,1,0,1
0,46,2,1,1,0,10453,0,3,24,3,24,13,15
0,38,2,9,4,2,2288,0,0,2,3,2,2,2
0,31,2,12,4,1,3929,1,1,7,3,4,2,0
0,34,2,27,2,2,2311,0,0,9,3,3,2,1
1,41,2,20,2,2,3140,1,0,4,2,4,3,0
0,50,2,1,3,1,3690,0,1,5,2,3,2,0
0,53,2,13,1,0,4450,0,2,5,3,4,2,1
0,33,2,14,2,1,2756,0,1,8,3,8,7,1
0,40,2,4,3,1,19033,0,1,21,3,20,8,9
0,55,2,14,2,2,18722,0,0,36,3,24,15,2
0,34,1,2,3,1,9547,0,0,10,2,10,9,1
0,51,2,3,2,2,13734,0,0,21,3,7,7,1
0,52,2,1,3,1,19999,0,1,34,3,33,18,11
0,27,2,9,2,2,2279,0,0,7,2,7,7,0
1,35,2,23,3,1,5916,1,0,8,3,1,0,0
0,43,0,7,4,0,2089,0,3,7,4,5,4,2
0,45,0,2,4,1,16792,0,1,22,3,20,8,11
0,37,2,21,1,1,3564,1,1,8,2,8,7,1
0,35,1,2,2,2,4425,0,0,10,3,6,2,1
0,42,0,21,3,0,5265,0,1,11,3,5,3,0
0,38,2,2,3,1,6553,0,0,14,3,1,0,0
0,38,2,29,4,1,6261,0,1,9,1,7,7,1
0,27,1,1,1,1,4298,0,1,6,3,2,2,2
0,49,0,18,4,0,6804,1,2,7,3,7,7,1
0,34,1,10,3,0,3815,1,1,5,4,5,3,2
0,40,2,19,4,1,2741,1,1,15,4,7,2,3
1,38,2,29,1,1,6673,1,0,17,3,1,0,0
1,29,2,27,4,1,7639,0,3,10,2,10,4,1
0,22,2,5,2,0,2328,1,1,4,2,4,2,2
0,36,1,18,4,2,2153,0,0,8,3,8,1,1
0,40,0,9,4,1,4876,0,1,5,1,3,2,0
0,46,2,1,1,0,9396,0,1,17,3,4,2,0
1,32,2,4,4,1,10400,0,0,14,2,14,8,9
0,30,0,1,3,2,8474,0,0,12,3,11,8,5
0,27,1,20,3,2,9981,0,0,7,3,7,7,0
0,51,2,8,2,1,12490,0,2,16,1,10,9,4
1,30,2,3,1,2,2657,1,0,8,3,5,2,0
0,41,2,6,4,2,13591,1,0,16,3,1,0,0
1,30,1,26,1,2,6696,0,0,9,2,6,3,0
1,29,2,1,3,2,2058,0,0,7,2,6,2,1
0,45,0,6,4,2,8865,0,0,23,3,19,7,12
0,54,2,3,1,1,5940,0,1,16,3,6,2,0
0,36,2,5,2,2,5914,0,0,16,4,13,11,3
0,33,2,4,2,1,2622,0,0,7,3,3,2,1
0,37,1,11,4,0,12185,1,3,10,3,10,8,0
0,38,2,3,3,0,10609,0,2,17,2,16,10,5
0,31,0,1,3,1,4345,0,1,6,3,5,4,1
0,59,2,3,4,1,2177,0,1,7,3,1,0,0
0,37,1,4,4,0,2793,0,1,13,3,9,8,5
0,29,1,1,4,1,7918,0,1,11,3,11,10,4
0,35,1,1,3,2,8789,0,0,10,4,10,7,0
1,29,2,18,4,2,2389,1,0,4,2,4,3,0
0,52,2,2,4,2,3212,0,0,6,2,2,2,2
0,42,2,4,4,1,19232,0,0,22,3,22,17,11
0,59,2,6,3,1,2267,0,0,7,2,2,2,2
0,50,2,1,4,0,19517,0,1,32,2,7,0,0
1,33,2,14,4,1,2436,1,1,8,1,5,4,0
0,43,2,16,4,1,16064,1,1,22,3,17,13,1
1,33,2,2,1,1,2707,0,0,13,4,9,7,1
0,52,0,2,3,2,19068,1,0,33,4,33,7,15
0,32,2,4,2,1,3931,0,1,6,3,4,3,1
1,32,2,1,3,2,3730,1,0,4,1,3,2,1
0,39,2,1,3,0,2232,0,3,7,3,3,2,1
0,32,0,26,4,1,4465,0,0,4,3,3,2,2
0,41,2,19,1,0,3072,0,2,17,2,1,0,0
0,40,2,24,4,0,3319,0,2,9,3,9,8,4
0,45,2,1,4,1,19202,0,1,25,3,24,0,1
0,31,1,3,3,0,13675,0,1,9,3,2,2,2
0,33,2,5,4,1,2911,0,1,2,2,2,2,0
0,34,2,2,1,1,5957,0,1,13,3,11,9,5
0,37,2,1,1,1,3920,0,1,17,2,3,1,0
0,45,1,7,3,1,6434,0,1,9,3,3,2,0
1,37,1,10,3,0,10048,0,2,17,3,1,0,0
0,39,1,2,3,2,10938,0,0,20,3,19,6,11
0,29,2,15,4,2,2340,0,0,6,3,6,5,1
0,42,2,17,1,2,6545,1,0,10,3,3,2,0
0,29,2,20,4,0,6931,0,1,10,3,3,2,0
0,25,2,1,3,1,4898,0,2,5,3,4,2,1
0,42,2,2,1,0,2593,1,1,10,3,9,6,7
0,40,2,2,3,0,19436,0,1,22,3,21,7,3
0,51,2,1,4,1,2723,0,0,1,2,1,0,0
1,31,1,29,2,2,3479,0,0,6,4,5,4,1
0,32,1,7,2,1,2794,0,0,5,1,5,1,0
0,38,0,2,4,1,5249,0,1,13,3,8,7,7
0,32,2,2,1,2,2176,0,0,9,3,6,2,0
0,46,2,2,2,1,16872,1,1,28,2,7,7,7
1,28,2,2,3,2,3485,0,0,5,1,0,0,0
0,29,2,2,2,1,6644,0,2,10,3,0,0,0
0,31,2,23,4,1,5582,0,1,10,3,9,0,7
0,25,0,5,1,0,4000,0,2,6,3,6,3,1
0,45,2,20,4,1,13496,1,0,21,3,20,7,4
0,36,2,6,4,1,3210,0,1,16,3,15,13,10
0,55,2,1,1,2,19045,1,0,37,3,36,10,4
1,47,0,29,2,1,11849,1,1,10,2,10,7,9
0,28,2,9,4,1,2070,0,1,5,2,5,2,0
0,37,2,6,4,1,6502,0,1,7,4,5,4,0
0,21,2,3,3,2,3230,0,0,3,4,3,2,1
0,37,0,1,4,0,13603,1,2,15,3,5,2,0
0,35,2,22,2,0,11996,0,1,10,2,7,7,6
0,38,2,7,1,0,5605,1,1,8,3,8,0,7
0,26,1,1,2,0,6397,0,1,6,1,6,5,1
0,50,2,4,2,0,19144,0,2,28,2,10,4,1
0,53,2,3,3,1,17584,1,3,21,2,5,3,1
0,42,2,1,3,1,4907,0,0,20,3,20,16,11
0,29,1,2,4,2,4554,0,0,10,2,10,7,0
0,55,2,20,4,1,5415,1,1,12,3,10,7,0
0,26,1,11,1,1,4741,1,1,5,3,5,3,3
0,37,2,1,4,2,2115,0,0,17,3,17,12,5
1,44,1,24,3,0,3161,1,1,19,1,1,0,0
0,38,2,23,4,0,5745,0,1,10,3,2,2,1
1,26,2,16,2,0,2373,1,1,5,3,3,2,0
0,28,2,8,4,2,3310,0,0,5,3,5,3,0
0,49,1,10,1,2,18665,1,0,22,3,3,2,1
0,36,2,3,2,2,4485,0,0,10,3,8,0,7
0,31,1,5,2,0,2789,0,1,2,2,2,2,2
1,26,2,4,4,2,5828,1,0,8,3,8,7,7
0,37,1,9,4,1,2326,1,3,4,2,4,2,1
0,42,1,26,2,1,13525,0,1,23,4,20,4,4
1,18,2,3,3,2,1420,0,0,0,3,0,0,0
0,35,2,16,2,1,8020,0,2,12,2,11,9,6
0,36,1,18,4,1,3688,0,2,4,3,1,0,0
0,51,2,2,2,0,5482,0,1,13,3,4,1,1
0,41,2,2,2,2,16015,0,0,22,3,22,10,0
0,18,2,10,3,2,1200,0,0,0,3,0,0,0
0,28,2,16,1,2,5661,0,0,9,3,8,3,0
0,31,2,7,4,1,6929,0,1,10,2,8,7,7
0,39,2,1,4,0,9613,0,3,19,2,18,10,3
0,36,0,24,2,1,5674,0,1,11,3,9,8,0
0,32,2,7,3,1,5484,0,1,13,2,13,8,4
0,38,2,25,2,1,12061,0,1,19,3,10,8,0
0,58,0,1,3,0,5660,1,1,12,3,5,3,1
0,31,2,5,4,1,4821,1,1,6,3,5,2,0
0,31,2,2,1,1,6410,0,0,9,3,2,2,1
0,45,1,7,1,0,5210,0,1,24,3,24,9,9
0,31,2,2,4,0,2695,1,1,3,1,2,2,2
0,33,1,5,2,1,11878,0,2,12,3,10,6,8
0,39,2,10,1,1,17068,1,0,21,3,21,9,11
0,43,1,10,4,2,2455,0,0,9,3,8,7,1
0,49,2,1,3,2,13964,1,0,25,3,7,1,0
1,52,2,8,2,1,4941,0,0,11,2,8,2,7
0,27,2,5,2,2,2478,1,0,4,2,4,3,1
0,32,2,8,2,1,5228,1,0,13,3,13,12,11
0,27,2,2,3,2,4478,1,0,5,3,5,4,0
0,31,2,7,4,0,7547,0,3,13,3,7,7,1
0,32,2,2,4,2,5055,0,0,10,2,7,7,0
1,28,2,2,4,1,3464,1,0,5,2,3,2,2
0,30,2,28,4,1,5775,0,2,11,3,10,8,1
0,31,1,7,3,1,8943,0,1,10,3,10,9,8
0,39,1,7,4,1,19272,0,1,21,3,21,9,13
1,39,2,3,3,1,5238,1,0,12,2,1,0,0
0,33,1,10,4,2,4682,0,0,9,2,7,7,0
0,47,2,5,3,1,18300,0,1,21,3,3,2,1
0,43,1,10,3,0,5257,0,1,9,4,9,7,0
0,27,0,1,2,1,6349,1,1,6,3,5,4,1
0,54,1,20,3,2,4869,0,0,20,2,4,3,0
0,43,2,7,1,1,9985,0,1,10,2,1,0,0
0,45,2,8,4,1,3697,0,2,12,3,10,9,9
0,40,2,1,4,1,7457,1,3,6,2,4,3,0
1,29,2,8,1,1,2119,1,0,7,2,7,7,0
0,29,2,9,4,2,3983,0,0,4,3,3,2,2
0,30,2,5,3,0,6118,0,3,10,3,10,9,1
0,27,2,8,2,1,6214,0,1,8,3,8,7,0
0,37,2,5,4,0,6347,0,2,8,2,6,2,0
0,38,2,15,4,0,11510,1,1,12,3,11,10,2
0,31,2,7,4,2,7143,1,0,11,2,11,9,4
0,29,2,10,2,0,8268,1,2,7,3,7,7,1
0,35,2,5,2,2,8095,0,0,17,3,16,6,0
0,23,2,26,4,0,2904,0,2,4,2,4,2,0
0,41,2,6,2,2,6032,1,0,8,3,5,4,1
0,47,1,4,3,2,2976,0,0,5,3,0,0,0
0,42,2,23,4,2,15992,0,0,16,3,1,0,0
0,29,0,2,3,1,4649,0,1,4,2,4,3,0
0,42,2,2,3,0,2696,1,1,4,3,3,2,1
0,32,2,2,2,1,2370,0,1,8,3,8,0,0
0,48,2,29,3,1,12504,0,1,15,1,0,0,0
0,37,2,6,1,0,5974,1,2,13,3,7,7,6
0,30,0,25,3,1,4736,1,1,4,4,2,2,2
0,26,2,1,3,1,5296,0,1,8,3,8,7,7
0,42,2,2,4,2,6781,0,0,14,3,1,0,0
1,21,1,1,2,2,2174,1,0,3,3,3,2,1
0,36,0,1,4,2,6653,0,0,7,3,1,0,0
0,36,1,3,4,1,9699,0,1,16,3,13,9,1
0,57,2,1,3,1,6755,0,0,15,3,3,2,1
0,40,2,10,3,1,2213,1,1,10,3,7,7,1
0,21,0,9,4,2,2610,0,0,3,2,3,2,2
1,33,2,5,3,2,2851,1,0,1,3,1,0,0
0,37,2,10,1,1,3452,0,1,17,3,5,4,0
0,46,0,7,3,1,5258,0,0,7,4,1,0,0
1,41,1,4,2,2,9355,0,0,8,3,8,7,7
0,50,2,10,4,2,10496,0,0,20,3,4,3,1
1,40,2,22,3,1,6380,1,2,8,3,6,4,1
0,31,2,9,2,2,2657,1,0,3,3,2,2,2
1,21,2,12,2,2,2716,0,0,1,3,1,0,0
0,29,2,23,4,2,2201,0,0,6,3,3,2,1
0,35,2,9,2,2,6540,0,0,10,3,1,1,0
0,27,2,1,2,0,3816,0,1,5,3,5,2,0
0,28,2,9,4,2,5253,0,0,7,3,7,5,0
0,49,2,7,3,2,10965,0,0,26,3,5,2,0
0,51,2,14,4,1,4936,0,1,18,2,7,7,0
0,36,2,2,3,1,2543,0,1,6,3,2,2,2
1,34,0,19,4,2,5304,1,0,9,2,5,2,0
0,55,2,2,4,2,16659,1,0,30,3,5,4,1
0,24,2,10,3,0,4260,1,1,5,4,5,2,0
0,30,2,2,2,1,2476,0,1,1,3,1,0,0
1,26,1,3,1,2,3102,0,0,7,3,6,4,0
0,22,2,11,2,1,2244,0,1,2,3,2,1,1
0,36,2,2,3,1,7596,0,2,10,3,10,9,9
1,30,1,4,4,2,2285,1,0,3,3,1,0,0
0,37,2,14,1,0,3034,0,1,18,2,18,7,12
0,40,2,2,2,0,5715,0,2,8,3,5,4,1
0,42,2,1,1,0,2576,0,1,8,3,5,2,1
0,37,2,10,2,2,4197,1,0,18,2,1,0,0
0,43,2,12,2,0,14336,0,1,25,3,25,10,3
0,40,2,2,3,1,3448,0,1,20,3,1,0,0
0,54,2,5,1,1,19406,0,1,24,2,4,2,1
0,34,0,4,3,1,6538,0,1,6,3,3,2,1
0,31,2,7,1,1,4306,0,1,13,1,13,10,3
0,43,1,21,4,1,2258,0,1,8,3,3,2,1
0,43,2,8,3,0,4522,1,0,8,3,5,2,0
0,25,2,4,4,2,4487,1,0,5,3,5,4,1
0,37,0,25,3,1,4449,1,2,15,3,13,11,10
0,31,2,1,1,1,2218,0,1,4,3,4,2,3
0,39,1,1,3,0,19197,1,1,21,3,21,8,1
0,56,1,6,1,1,13212,0,3,36,2,7,7,7
0,30,2,12,3,2,6577,0,0,6,3,5,4,4
0,41,2,1,1,1,8392,0,1,10,3,10,7,0
0,28,2,17,1,0,4558,0,1,10,3,10,0,1
1,25,2,3,1,1,4031,0,1,6,3,2,2,0
0,52,2,3,3,1,7969,1,0,28,3,5,4,0
0,45,2,10,4,1,2654,0,2,8,2,2,2,0
0,52,2,4,4,1,16555,0,0,31,1,5,2,1
0,42,1,29,3,0,4556,0,1,19,3,5,4,0
0,30,2,2,4,2,6091,0,0,11,3,5,4,0
0,60,2,7,1,1,19566,0,0,33,1,29,8,11
0,46,2,18,3,0,4810,0,1,19,2,10,7,0
0,42,1,28,4,1,4523,0,3,7,4,6,5,0
1,24,2,1,2,2,3202,1,0,6,3,5,3,1
1,34,1,6,3,0,2351,0,1,3,2,2,2,1
0,38,1,2,4,1,1702,1,1,1,3,1,0,0
0,40,2,2,3,1,18041,0,0,21,3,20,15,1
0,26,2,23,4,0,2886,0,2,3,1,3,2,0
0,30,0,3,4,1,2097,0,1,9,1,5,3,1
0,29,2,3,3,1,11935,0,0,10,3,10,2,0
1,29,2,25,2,1,2546,0,0,6,4,2,2,1
1,19,2,2,4,2,2564,0,0,1,4,1,0,0
0,30,0,22,1,1,8412,0,0,10,3,9,8,7
0,57,2,29,4,0,14118,0,1,32,2,1,0,0
0,50,2,29,3,1,17046,0,1,28,3,27,10,15
0,30,0,2,4,2,2564,0,0,12,2,11,7,6
0,60,1,28,1,1,10266,0,0,22,4,18,13,13
0,47,2,2,4,0,5070,0,3,20,3,5,0,0
0,46,2,2,3,1,17861,0,0,26,1,3,2,0
0,35,2,22,3,2,4230,0,0,6,3,5,4,4
0,54,2,8,3,2,3780,0,0,19,3,1,0,0
0,34,2,2,3,0,2768,0,1,14,3,7,3,5
0,46,2,10,4,1,9071,1,1,15,3,3,2,1
0,31,2,9,2,0,10648,0,1,13,4,13,8,0
1,33,2,15,3,1,13610,1,0,15,4,7,6,7
1,33,2,10,4,0,3408,0,3,8,3,4,3,1
0,30,2,7,2,2,2983,0,0,4,3,3,2,1
0,35,2,16,3,1,7632,1,0,10,3,8,7,0
1,31,1,20,3,1,9824,0,0,12,3,1,0,0
1,34,1,23,1,0,9950,1,3,11,3,3,2,0
0,42,1,5,3,1,2093,0,1,8,3,2,2,2
0,36,0,10,4,2,9980,0,0,10,2,10,3,9
1,22,1,4,3,2,3894,0,0,4,3,2,2,1
0,48,2,2,4,1,4051,0,1,14,3,9,7,6
0,55,2,18,2,2,16835,0,0,37,3,10,9,7
0,41,0,10,4,2,6230,0,0,16,3,14,3,1
0,35,2,1,3,1,4717,0,0,15,3,11,9,6
0,40,2,6,3,2,13237,0,0,22,3,20,6,5
0,39,1,8,3,1,3755,0,1,8,3,8,3,0
0,31,2,2,4,2,6582,1,0,10,4,6,5,0
0,42,2,24,1,1,7406,1,1,10,2,10,9,5
0,45,2,2,2,1,4805,0,1,9,4,8,7,3
1,26,1,17,3,0,2741,1,1,8,2,7,7,1
0,29,2,19,4,0,4262,0,2,8,4,3,2,1
0,33,2,1,3,0,16184,0,1,10,3,6,1,0
0,31,2,7,4,0,11557,0,1,10,2,5,4,0
1,18,1,5,2,2,1878,1,0,0,3,0,0,0
0,40,0,28,1,0,10932,0,1,20,3,1,0,0
0,41,0,2,3,2,6811,1,0,10,3,8,7,0
0,26,2,29,3,0,4306,0,2,8,3,0,0,0
0,35,2,1,3,2,4859,0,0,5,3,5,4,0
0,34,2,21,4,2,5337,0,0,10,3,10,7,5
1,26,2,24,4,2,2340,1,0,1,1,1,0,0
0,37,2,1,4,2,7491,0,0,12,4,6,5,1
0,46,1,18,3,1,10527,0,0,28,2,2,2,1
0,41,2,2,1,1,16595,0,1,22,3,18,16,11
0,37,0,9,2,0,8834,0,1,9,3,9,5,7
0,52,2,6,1,0,5577,1,2,18,3,10,9,6
1,32,0,11,3,1,4707,0,0,6,3,4,2,1
0,24,1,24,4,1,2400,0,2,3,3,2,2,2
0,38,2,10,3,1,9824,0,1,18,3,1,0,0
0,37,2,1,2,1,6447,0,1,8,2,6,5,4
0,49,2,18,3,0,19502,1,1,31,3,31,9,0
0,24,2,23,4,1,2725,1,2,6,3,6,5,1
0,26,2,28,2,1,6272,0,2,6,4,5,3,1
0,24,2,17,2,1,2127,0,1,1,3,1,0,0
0,50,1,3,2,1,18200,0,1,32,3,32,5,10
0,25,2,13,3,1,2096,0,0,7,3,7,4,0
1,24,1,7,3,1,2886,1,1,6,3,6,3,1
1,30,1,12,1,1,2033,0,1,1,4,1,0,0
0,34,2,1,4,1,3622,1,1,6,3,6,5,1
1,31,2,13,1,0,4233,0,0,9,1,3,1,1
0,35,2,25,4,2,3681,0,0,9,3,3,2,0
0,31,2,6,4,0,5460,0,2,13,4,7,7,5
0,27,2,6,3,0,2187,0,2,6,2,5,3,0
0,37,2,2,3,1,9602,1,1,17,2,3,0,1
0,20,2,1,2,2,2836,0,0,1,4,1,0,0
0,42,2,2,4,1,4089,0,2,10,3,10,2,2
0,43,2,6,4,0,16627,1,1,21,2,1,0,0
0,38,2,1,1,2,2619,0,0,8,2,0,0,0
0,43,1,9,3,0,5679,1,1,10,3,8,7,4
0,48,2,1,1,1,15402,0,1,21,1,3,2,0
0,44,2,1,3,2,5985,0,0,10,4,2,2,0
0,34,2,14,3,0,2579,1,2,8,3,8,2,0
1,27,2,2,1,0,3041,0,1,5,3,4,3,0
0,21,2,22,3,2,3447,0,0,3,3,3,2,1
0,44,2,3,4,1,19513,1,1,26,4,2,2,0
0,22,2,6,3,1,2773,0,0,3,3,2,2,2
0,33,2,8,3,0,7104,0,0,6,3,5,0,1
0,32,2,9,4,1,6322,1,1,6,2,6,4,0
0,30,1,3,3,0,2083,0,1,1,3,1,0,0
0,53,2,1,1,2,8381,0,0,18,4,14,7,8
0,34,2,1,4,1,2691,0,1,10,2,10,9,8
1,45,1,26,1,1,4286,0,2,5,3,1,1,0
0,26,2,6,4,1,2659,1,1,3,3,3,2,0
0,37,2,3,3,1,9434,0,1,10,3,10,7,7
0,29,2,3,3,1,5561,0,1,6,2,6,0,1
0,35,2,6,4,2,6646,0,0,17,3,17,11,11
0,33,1,6,4,0,7725,0,1,15,1,13,11,4
0,54,2,19,2,1,10725,0,1,16,4,9,7,7
0,36,2,9,2,0,8847,1,1,13,3,3,2,0
0,27,2,3,4,2,2045,0,0,5,3,4,2,1
1,20,2,10,3,2,1009,1,0,1,3,1,0,1
1,33,1,3,1,2,3348,1,0,10,3,10,8,9
0,35,0,3,3,1,1281,0,2,1,3,1,0,0
0,23,2,4,1,1,2819,0,1,5,4,3,2,0
0,25,2,8,2,1,4851,0,1,4,3,3,2,1
0,38,2,7,4,2,4028,0,0,8,3,7,7,0
0,29,1,1,4,0,2720,0,1,10,3,10,7,2
0,48,2,2,2,1,8120,0,0,12,3,2,2,2
0,27,1,3,4,0,4647,1,2,6,3,6,5,0
0,37,2,10,4,2,4680,0,0,4,3,1,0,0
0,50,2,28,3,1,3221,1,3,20,3,20,8,3
0,34,2,9,2,2,8621,0,0,9,4,8,7,7
1,24,2,3,3,2,4577,0,0,4,3,2,2,2
0,39,2,2,3,2,4553,0,0,20,3,20,7,11
0,32,2,10,4,2,5396,0,0,10,2,10,7,0
1,50,1,8,3,1,6796,1,1,18,3,4,3,1
0,38,2,1,4,2,7625,0,0,10,2,9,7,1
0,27,2,1,1,1,7412,0,0,9,3,9,7,0
0,32,2,3,4,2,11159,0,0,10,3,7,7,7
0,47,2,14,1,2,4960,0,0,20,3,7,7,1
0,40,1,5,1,1,10475,1,1,20,3,18,13,1
0,53,2,7,3,1,14814,0,0,32,3,5,1,1
0,41,2,10,4,0,19141,0,3,23,2,21,6,12
0,60,2,16,1,2,5405,0,0,10,3,2,2,2
0,27,1,10,1,0,8793,0,2,9,2,9,7,1
0,41,2,1,3,1,19189,0,1,22,3,22,7,2
0,50,2,8,2,1,3875,0,1,4,3,2,2,2
1,28,2,1,2,2,2216,1,0,10,3,7,7,3
0,36,0,8,1,1,11713,0,1,10,3,8,7,0
0,38,2,1,3,2,7861,1,0,10,4,1,0,0
0,44,0,24,3,2,3708,0,0,9,3,5,2,1
0,47,1,3,3,0,13770,1,2,28,2,22,2,11
0,30,2,27,4,0,5304,0,1,10,2,8,7,7
0,29,2,10,3,2,2642,0,0,1,3,1,0,0
1,42,1,19,3,0,2759,1,0,7,3,2,2,2
0,43,1,15,4,1,6804,0,1,7,3,2,2,2
0,34,2,8,3,2,6142,0,0,10,3,5,1,4
0,23,2,9,1,1,2500,0,1,5,4,4,3,0
0,39,2,3,2,1,6389,0,1,12,1,8,3,3
0,56,2,9,4,1,11103,0,0,30,2,10,7,1
0,40,2,2,4,2,2342,1,0,5,2,4,2,2
0,27,2,7,1,2,6811,0,0,9,1,7,6,0
0,29,2,10,2,0,2297,0,2,2,3,2,2,2
0,53,2,6,4,2,2450,0,0,19,3,2,2,2
0,35,0,2,1,0,5093,0,1,16,4,1,0,0
0,32,1,24,4,1,5309,0,2,10,3,10,8,4
0,38,2,2,3,1,3057,1,1,6,1,1,0,0
0,34,2,8,1,0,5121,0,1,7,3,0,0,0
0,52,2,3,1,1,16856,0,0,34,4,34,6,1
1,33,2,1,4,2,2686,1,0,10,2,10,9,7
0,25,2,26,4,2,6180,0,0,6,2,6,5,1
0,45,2,2,3,2,6632,0,0,9,3,8,7,3
0,23,2,10,3,2,3505,0,0,2,3,2,2,0
1,47,1,27,3,2,6397,1,0,8,3,5,4,1
0,34,2,2,4,2,6274,0,0,6,3,6,5,1
1,55,2,2,1,1,19859,1,1,24,3,5,2,1
0,36,0,8,1,2,7587,0,0,10,3,10,7,0
0,52,0,19,4,1,4258,0,1,5,3,4,3,1
0,26,1,1,4,0,4364,0,1,5,3,2,2,2
0,29,2,27,3,1,4335,0,1,11,2,8,7,1
1,26,2,8,1,2,5326,0,0,6,2,4,3,1
0,34,2,1,4,2,3280,0,0,10,3,4,2,1
0,54,2,19,1,0,5485,1,2,9,3,5,3,1
0,27,1,8,4,1,4342,0,1,5,3,4,2,1
0,37,2,10,1,0,2782,1,2,6,2,5,3,4
0,38,1,2,1,2,5980,1,0,17,3,15,7,4
0,34,2,2,1,2,4381,0,0,6,3,6,5,1
0,35,2,8,4,1,2572,0,1,3,2,3,2,0
0,30,2,1,3,1,3833,0,2,7,3,2,2,0
0,40,1,2,2,1,4244,0,1,8,3,8,7,3
0,34,2,8,1,1,6500,0,1,6,3,3,2,1
0,42,1,8,4,0,18430,0,1,24,2,24,7,14
1,23,2,6,1,1,1601,1,2,1,3,0,0,0
0,24,0,9,2,0,2694,0,3,1,3,1,0,0
0,52,2,11,3,1,3149,0,1,9,3,5,2,1
0,50,2,2,3,1,17639,0,0,30,3,4,3,0
1,29,2,1,1,1,2319,1,1,1,3,1,0,0
0,33,2,7,3,1,11691,0,0,14,4,13,9,3
1,33,2,16,1,2,5324,0,0,6,3,3,2,0
0,47,2,2,4,1,16752,1,1,26,2,26,14,3
0,36,2,1,2,1,5228,0,1,10,3,9,7,0
0,29,2,23,3,1,2700,0,1,10,3,10,7,0
1,58,2,2,2,2,19246,1,0,40,3,31,15,13
0,35,2,1,3,2,2506,0,0,7,3,2,2,2
0,42,2,1,4,1,6062,1,1,8,3,4,3,0
1,28,2,2,3,2,4382,0,0,5,2,2,2,2
0,36,2,13,2,1,2143,0,1,8,3,5,2,0
0,32,2,4,3,1,6162,0,1,14,3,14,13,6
0,40,1,16,3,2,5094,0,0,10,3,1,0,0
0,30,2,2,4,2,6877,1,0,12,2,0,0,0
0,45,2,2,3,2,2274,0,0,1,3,1,0,0
0,42,2,29,2,1,4434,0,1,10,2,9,8,7
0,38,1,12,1,0,6288,0,1,13,2,4,3,1
0,34,1,16,4,2,2553,0,0,6,3,5,2,1
1,49,2,11,4,1,7654,0,2,9,4,9,8,7
1,55,2,2,4,2,5160,0,0,12,2,9,7,7
0,43,2,14,1,1,17159,0,1,22,3,4,1,1
0,27,2,5,4,0,12808,1,1,9,3,9,8,0
0,35,2,7,3,2,10221,0,0,17,4,8,5,1
0,28,2,2,2,1,4779,1,0,8,3,8,7,7
0,34,2,3,4,1,3737,0,1,4,1,3,2,0
1,26,1,5,3,1,2366,1,1,8,3,8,7,1
0,27,0,3,4,1,1706,0,3,0,2,0,0,0
0,51,2,26,3,1,16307,0,1,29,2,20,6,4
0,44,2,4,2,2,5933,0,0,10,2,5,2,2
0,25,2,2,1,2,3424,0,0,6,2,4,3,0
0,33,2,1,1,0,4037,0,1,9,3,9,8,0
0,35,2,27,1,2,2559,0,0,6,2,6,5,1
0,36,2,1,4,1,6201,1,1,18,2,18,14,4
0,32,2,13,4,0,4403,0,1,8,2,5,2,0
0,30,1,5,4,0,3761,0,1,10,2,5,4,0
0,53,2,7,4,1,10934,1,1,35,3,5,2,0
0,45,2,9,1,0,10761,1,1,18,3,5,4,0
0,32,2,8,3,1,5175,0,1,9,2,5,3,1
0,52,1,25,4,1,13826,0,0,31,3,9,8,0
0,37,2,16,3,0,6334,0,2,9,3,1,0,0
0,28,2,8,4,0,4936,0,1,6,3,5,1,0
0,22,2,1,4,1,4775,0,2,4,1,2,2,2
0,44,2,8,4,1,2818,1,1,10,2,3,2,0
0,42,1,2,4,2,2515,1,0,8,3,2,1,2
0,36,2,8,1,1,2342,0,0,6,3,5,4,0
0,25,2,3,1,1,4194,1,0,5,3,5,3,0
0,35,2,9,3,1,10685,1,1,17,3,17,14,5
1,35,1,25,2,0,2022,1,1,10,2,10,2,7
0,32,0,1,4,0,2314,0,1,4,3,3,0,0
0,25,2,4,1,1,4256,0,0,5,4,5,2,0
0,49,2,1,1,1,3580,0,1,7,3,4,2,0
0,24,0,4,4,1,3162,0,0,6,2,5,2,3
0,32,1,5,2,1,6524,0,1,10,3,10,8,5
0,38,2,9,2,1,2899,0,1,3,3,2,2,1
0,42,2,3,4,1,5231,1,1,17,2,5,3,1
0,31,2,11,4,1,2356,1,1,8,3,6,4,0
1,29,2,1,3,0,2800,1,3,5,3,3,2,0
0,53,2,8,4,1,11836,0,1,28,3,2,0,2
0,35,2,25,2,1,10903,0,0,16,3,13,10,4
0,37,1,21,4,1,2973,0,1,10,3,5,4,0
0,53,2,23,4,2,14275,0,0,33,3,12,9,3
0,43,1,1,4,1,5562,0,1,12,2,5,2,2
0,47,2,2,4,1,4537,1,1,8,3,7,6,7
0,37,0,19,2,2,7642,1,0,10,3,10,0,0
0,50,0,2,1,0,17924,0,1,31,3,31,6,14
0,39,2,2,4,1,5204,0,2,13,3,5,4,0
0,33,2,3,2,0,2277,1,1,7,4,4,3,0
1,32,2,25,4,2,2795,1,0,1,1,1,0,0
0,29,2,7,4,0,2532,0,3,8,3,4,3,0
0,44,2,9,1,1,2559,1,0,8,3,8,7,7
0,28,2,5,4,2,4908,0,0,4,3,4,2,0
1,58,1,2,4,0,2380,1,1,3,2,1,0,0
0,43,2,8,2,0,4765,0,1,4,4,1,0,0
1,20,2,2,3,2,2044,0,0,2,2,2,2,0
1,21,2,18,4,2,2693,0,0,1,2,1,0,0
0,36,2,14,4,1,6586,1,1,17,2,16,8,4
0,47,2,2,4,2,3294,1,0,3,2,3,2,1
1,22,2,3,3,1,4171,1,1,4,4,3,2,0
1,41,2,2,4,0,2778,1,1,10,2,7,7,1
0,28,2,9,3,0,2377,0,1,6,3,2,2,2
1,39,2,6,1,1,2404,1,0,8,1,2,2,2
0,27,2,4,3,2,2318,0,0,1,3,1,1,0
0,34,2,10,2,0,2008,0,2,1,3,1,0,1
0,42,2,14,3,2,6244,0,0,10,3,5,4,0
0,33,2,1,1,2,2799,1,0,6,3,3,2,0
0,58,2,5,2,0,10552,1,1,24,3,6,0,0
0,31,2,7,3,1,2329,0,0,13,4,7,7,5
0,35,2,21,4,1,4014,1,1,10,1,10,6,0
0,49,2,8,2,1,7403,0,1,29,2,26,9,1
0,48,2,20,3,1,2259,0,2,13,2,0,0,0
0,31,0,20,3,1,6932,0,1,9,2,9,8,0
0,36,2,7,4,2,4678,0,0,8,3,6,2,0
0,38,2,1,1,1,13582,0,1,15,3,15,12,5
0,32,0,1,2,1,2332,0,0,5,3,3,0,0
1,25,2,19,2,1,2413,1,3,1,3,1,0,0
0,40,2,10,2,0,9705,0,1,11,2,1,0,0
0,26,1,1,1,2,4294,0,0,7,3,7,7,0
0,41,2,6,1,2,4721,1,0,20,3,18,13,2
0,36,2,2,3,2,2519,0,0,16,3,11,8,3
1,19,2,21,2,2,2121,1,0,1,4,1,0,0
1,20,2,4,1,2,2973,0,0,1,3,1,0,0
0,31,2,12,4,1,5855,1,2,10,1,9,7,8
0,40,1,9,2,0,3617,1,1,3,3,1,1,0
0,32,2,3,1,1,6725,0,1,8,4,8,7,6
1,36,2,3,4,1,10325,1,1,16,3,16,7,3
0,33,2,1,4,2,6949,0,0,6,3,5,0,1
1,37,2,1,3,1,10609,0,0,17,1,14,1,11
0,45,0,4,2,1,4447,0,0,9,2,9,7,0
0,29,1,20,4,1,2157,0,1,3,3,3,1,0
0,35,2,18,3,1,4601,0,0,5,3,5,2,1
0,52,2,1,4,1,17099,0,1,26,2,9,8,7
1,58,2,2,3,2,2479,0,0,7,3,1,0,0
0,53,2,2,3,0,14852,0,1,22,4,17,13,15
0,30,2,8,3,0,7264,0,1,10,4,8,4,7
0,38,0,10,4,2,5666,1,0,6,3,5,3,1
0,35,2,3,4,0,7823,0,1,12,3,10,9,0
0,39,2,2,3,2,7880,0,0,9,3,8,7,0
1,40,0,24,2,2,13194,1,0,22,2,1,0,0
0,47,1,16,3,0,5067,1,0,20,4,19,10,2
0,36,0,8,4,0,5079,0,2,12,3,7,7,0
1,31,0,9,1,2,2321,1,0,4,3,3,2,1
0,33,0,17,3,2,17444,0,0,10,3,10,8,6
1,29,2,10,1,2,2404,1,0,3,3,0,0,0
0,33,2,13,4,2,3452,0,0,5,3,3,2,0
0,45,2,1,4,0,2270,0,2,8,3,5,3,0
0,50,2,1,4,0,17399,0,1,32,2,5,4,1
0,33,1,1,2,1,5488,1,1,6,3,6,5,1
0,41,1,9,3,0,19419,0,1,21,4,18,16,0
0,27,2,16,2,1,2811,0,1,4,3,2,2,2
0,45,0,23,1,1,3633,1,1,9,3,9,8,0
0,47,2,4,4,2,4163,1,0,9,3,9,0,0
1,30,2,22,3,1,2132,1,0,7,3,5,2,0
0,50,2,24,3,1,13973,1,1,22,3,12,11,1
0,38,1,10,3,1,2684,0,1,3,2,2,1,0
0,46,2,7,3,0,10845,0,1,13,3,8,7,0
0,24,2,17,3,0,4377,0,2,5,3,4,2,3
1,35,2,14,2,0,3743,1,1,5,1,4,2,0
0,31,1,1,1,1,4148,0,1,4,3,4,3,0
0,18,0,5,4,2,1051,0,0,0,3,0,0,0
0,54,2,17,3,1,10739,0,1,22,3,10,7,0
0,35,2,25,3,0,10388,1,1,16,2,16,10,10
0,30,2,8,1,1,11416,1,3,9,2,8,7,1
1,20,2,11,1,2,2600,1,0,1,3,1,0,0
1,30,1,5,2,2,2422,0,0,4,3,3,2,1
0,26,2,2,4,1,5472,0,0,8,3,8,7,1
0,22,2,8,1,1,2451,0,1,4,2,4,3,1
0,48,2,6,3,2,4240,0,0,19,3,2,2,2
0,48,2,4,3,2,10999,0,0,27,3,15,11,4
0,41,2,7,3,2,5003,0,0,8,3,2,2,2
0,39,2,1,4,1,12742,0,1,21,3,21,6,11
0,27,2,2,4,1,4227,0,1,4,3,3,2,2
0,35,2,10,4,0,3917,0,1,3,2,3,2,1
0,42,2,5,3,1,18303,0,0,21,4,1,0,0
0,50,2,9,4,1,2380,0,0,8,3,1,0,0
0,59,2,2,4,2,13726,1,0,30,3,5,3,4
1,37,2,11,2,1,4777,0,0,15,1,1,0,0
0,55,1,18,2,1,6385,1,2,17,3,8,7,6
0,41,0,7,3,0,19973,0,2,21,3,21,16,5
0,38,2,3,4,2,6861,1,0,19,3,1,0,0
1,26,0,29,1,2,4969,0,0,7,3,2,2,2
1,52,2,2,4,1,19845,0,1,33,3,32,14,6
0,44,2,28,4,1,13320,1,1,23,3,12,11,11
0,50,0,1,3,1,6347,0,1,19,3,18,7,0
1,36,2,16,1,2,2743,0,0,18,3,17,13,15
0,39,1,22,1,2,10880,1,0,21,3,21,6,2
0,33,0,8,4,2,2342,0,0,3,2,2,2,2
0,45,2,11,4,1,17650,0,1,26,4,9,3,1
0,32,0,29,3,2,4025,0,0,10,3,8,7,7
0,34,2,1,4,0,9725,0,1,16,2,15,1,0
0,59,2,1,4,1,11904,1,1,14,1,6,4,0
0,45,2,24,2,2,2177,0,0,6,3,6,3,0
0,53,1,2,2,1,7525,0,1,30,3,15,7,6
1,36,2,15,3,0,4834,0,1,9,2,1,0,0
1,26,1,2,1,1,2042,1,1,6,3,3,2,1
0,34,2,10,3,1,2220,1,1,1,3,1,1,0
0,28,2,10,2,1,1052,0,0,1,3,1,0,0
0,38,1,3,3,1,2821,0,1,8,3,2,2,2
0,50,2,2,3,1,19237,1,1,29,2,8,1,7
0,37,2,3,2,2,4107,0,0,8,2,4,3,0
0,40,2,26,1,1,8396,0,1,8,2,7,7,7
0,26,1,1,3,0,2007,0,2,5,3,5,3,1
0,46,2,1,4,0,19627,0,2,23,3,2,2,2
0,54,2,2,3,1,10686,0,1,13,3,9,4,7
0,56,1,9,3,1,2942,0,1,18,3,5,4,0
0,36,2,12,4,2,8858,0,0,15,2,14,8,7
0,55,0,2,1,2,16756,0,0,31,4,9,7,6
0,43,2,25,4,0,10798,0,1,18,3,1,0,0
1,20,1,9,4,2,2323,1,0,2,3,2,2,0
1,21,2,10,1,2,1416,0,0,1,2,1,0,1
0,46,2,8,1,0,4615,1,3,19,3,16,13,1
1,51,2,4,3,1,2461,1,3,18,4,10,0,2
1,28,0,24,1,2,8722,0,0,10,2,10,7,1
0,26,2,1,1,1,3955,0,2,6,3,5,3,1
0,30,2,20,1,1,9957,0,1,7,2,6,2,0
0,41,2,7,3,1,3376,0,0,10,3,10,6,0
0,38,2,17,3,1,8823,0,1,20,2,19,9,1
0,40,2,20,4,1,10322,0,1,14,3,11,10,11
0,27,0,8,3,1,4621,0,3,3,3,3,2,1
0,55,1,2,2,1,10976,0,1,23,3,3,2,1
0,28,2,10,3,2,3660,0,0,10,4,8,7,1
1,44,2,1,1,1,10482,0,1,24,3,20,6,3
0,33,2,5,4,0,7119,0,1,9,3,3,2,1
1,35,2,4,1,2,9582,1,0,9,3,8,7,4
1,33,1,29,3,2,4508,0,0,14,3,13,7,3
0,28,2,15,3,0,2207,0,1,4,2,4,2,2
0,34,1,3,4,2,7756,0,0,7,2,6,2,0
0,37,2,10,4,0,6694,1,3,8,3,1,0,0
1,25,2,4,4,1,3691,1,1,7,4,7,7,5
1,26,2,21,3,0,2377,0,1,1,2,1,1,0
1,33,2,25,2,2,2313,1,0,5,3,2,2,2
0,42,2,2,1,1,17665,0,1,23,3,22,6,13
1,28,1,1,2,0,2596,0,2,1,3,1,0,0
1,50,1,1,3,2,4728,1,0,5,3,0,0,0
0,33,1,7,2,1,4302,0,1,4,3,3,2,0
0,34,0,3,4,1,2979,0,3,6,3,0,0,0
0,48,0,1,4,2,16885,0,0,27,2,5,4,2
0,45,0,9,3,1,5593,0,1,15,3,15,10,4
0,52,2,7,2,2,10445,0,0,18,3,8,6,4
0,38,2,10,3,0,8740,1,2,9,3,8,7,2
0,29,2,28,4,0,2514,0,1,11,3,7,5,1
0,28,2,3,2,0,7655,0,3,10,2,9,7,1
0,46,2,3,3,1,17465,0,1,23,3,12,9,4
0,38,2,2,2,2,7351,0,0,10,3,1,0,0
0,43,1,27,1,1,10820,0,1,18,3,8,7,0
1,39,1,2,4,0,12169,0,3,21,3,18,7,11
0,40,2,14,3,2,19626,0,0,21,4,20,7,4
0,21,2,1,2,2,2070,1,0,2,4,2,2,2
0,39,0,9,2,2,6782,0,0,9,2,5,4,0
0,36,0,18,4,2,7779,0,0,18,3,11,9,0
0,31,1,20,4,1,2791,0,1,3,3,2,2,2
0,28,2,2,2,1,3201,0,0,6,1,5,3,0
0,35,1,11,4,0,4968,0,1,5,3,5,2,0
0,49,2,8,2,1,13120,0,1,22,3,9,8,2
0,34,1,2,3,2,4033,0,0,5,2,3,2,0
0,29,1,10,2,0,3291,0,2,8,2,7,5,1
0,42,2,29,4,2,4272,0,0,16,3,1,0,0
0,29,2,8,4,1,5056,1,1,10,2,10,7,1
0,38,2,1,3,1,2844,0,1,7,4,7,6,5
0,28,1,6,3,0,2703,1,1,3,3,3,1,0
1,18,0,8,3,2,1904,0,0,0,3,0,0,0
1,33,2,9,1,2,8224,1,0,6,3,5,2,0
0,41,2,12,4,1,4766,1,1,6,3,1,0,0
1,31,1,15,3,1,2610,0,1,2,2,2,2,2
0,37,2,25,4,0,5731,0,2,9,3,6,2,1
0,27,2,6,3,1,2539,0,1,4,3,4,2,2
0,34,2,9,3,1,5714,0,0,6,2,6,5,1
0,35,2,8,3,2,4323,0,0,6,1,5,4,1
1,29,2,23,1,1,7336,0,1,11,1,11,8,3
0,40,1,9,3,2,13499,0,0,20,2,18,7,2
1,42,1,12,1,2,13758,1,0,22,2,21,9,13
0,42,2,4,1,2,5155,0,0,9,4,6,4,1
0,35,2,1,3,1,2258,0,1,10,3,8,0,1
0,24,2,24,2,2,3597,0,0,6,3,4,3,1
1,28,2,12,4,1,2515,1,0,1,2,1,1,0
0,26,2,3,4,1,4420,0,1,8,3,8,7,0
0,30,2,10,3,1,6578,0,1,10,3,10,3,1
0,40,1,26,4,1,4422,1,1,16,1,1,1,0
0,35,2,2,2,0,10274,0,1,15,4,7,7,6
0,34,1,1,1,2,5343,0,0,14,3,13,9,4
0,35,1,4,4,1,2376,0,1,2,4,2,2,2
1,43,2,9,3,2,5346,0,0,7,2,4,3,1
0,32,0,2,1,0,2827,0,3,1,3,1,0,0
0,56,2,4,1,0,19943,0,1,28,3,5,2,4
0,29,2,6,4,1,3131,0,1,10,3,10,8,0
0,19,2,9,1,2,2552,0,0,1,3,1,1,0
0,45,2,7,3,1,4477,1,1,7,2,3,2,0
0,37,2,1,4,1,6474,0,1,14,2,14,8,3
0,20,2,3,3,2,3033,0,0,2,2,2,2,1
1,44,2,10,3,2,2936,1,0,6,3,6,4,0
0,53,2,7,3,0,18606,0,1,26,3,7,7,4
0,29,2,15,4,1,2168,1,1,6,2,5,4,1
1,22,1,3,4,1,2853,1,1,1,3,0,0,0
0,46,2,2,1,1,17048,0,0,28,3,26,15,15
0,44,0,17,3,2,2290,0,0,6,3,0,0,0
0,33,2,2,3,1,3600,0,1,5,3,5,4,1
1,41,0,5,1,0,2107,0,1,5,1,1,0,0
0,30,2,29,1,0,4115,0,3,8,3,4,3,0
0,40,1,2,2,1,4327,0,3,5,3,0,0,0
0,50,1,2,1,1,17856,0,1,32,3,2,2,2
0,28,2,19,1,1,3196,0,3,6,3,6,5,3
0,46,2,15,2,1,19081,0,1,25,3,4,2,0
0,35,2,17,1,1,8966,1,3,15,3,7,7,1
1,24,2,17,2,1,2210,0,1,1,1,1,0,0
0,33,1,25,3,1,4539,0,1,10,2,10,7,0
0,36,2,6,3,0,2741,0,1,7,3,7,7,1
0,30,2,7,3,0,3491,0,3,10,2,10,7,8
0,44,2,29,4,2,4541,0,0,20,3,20,11,13
0,20,2,21,4,2,2678,0,0,2,3,2,1,2
0,46,2,2,4,0,7379,0,1,12,2,6,3,1
0,42,0,2,1,1,6272,0,1,10,4,4,3,0
0,60,2,7,4,0,5220,1,1,12,3,11,7,1
0,32,1,13,2,1,2743,0,1,2,3,2,2,2
0,32,1,2,3,2,4998,1,0,10,3,8,7,0
0,36,2,1,1,0,10252,1,1,17,3,7,7,7
0,33,2,9,4,1,2781,0,1,15,3,14,10,4
0,40,2,10,2,0,6852,0,1,7,4,5,1,1
0,25,2,10,4,2,4950,0,0,5,3,4,3,1
0,30,2,1,2,1,3579,1,1,12,3,11,9,5
0,42,1,26,1,1,13191,1,0,20,3,1,0,0
0,35,0,8,4,1,10377,1,1,16,2,13,2,4
0,27,2,14,1,1,2235,1,2,9,2,9,7,6
0,54,1,1,3,0,10502,0,1,33,1,5,4,1
0,44,2,2,4,1,2011,0,1,10,3,10,5,7
1,19,0,10,2,2,1859,1,0,1,4,1,1,0
0,29,2,1,4,0,3760,0,3,3,3,3,2,1
0,54,2,3,4,1,17779,0,0,36,3,10,9,0
0,31,2,11,1,1,6833,1,0,6,2,6,5,0
0,31,2,24,1,2,6812,0,0,10,3,10,9,1
0,59,2,3,4,2,5171,0,0,13,3,6,1,0
0,43,2,3,4,1,19740,0,1,25,3,8,7,0
0,49,2,4,3,1,18711,0,1,23,4,1,0,0
0,36,1,3,2,1,3692,0,0,12,2,11,10,0
0,48,2,2,2,2,2559,0,0,7,2,1,0,0
0,27,2,4,3,0,2517,0,3,5,3,5,3,0
0,29,2,7,4,0,6623,1,2,6,3,6,0,1
0,48,2,1,4,2,18265,0,0,25,4,1,0,0
0,29,2,1,4,0,16124,0,2,9,2,7,7,1
0,34,2,20,3,1,2585,0,0,2,2,1,0,0
0,44,2,5,2,1,18213,0,1,26,3,22,9,3
0,33,2,10,3,0,8380,1,2,10,3,9,8,0
0,19,2,25,4,2,2994,1,0,1,3,1,0,0
0,23,2,1,3,1,1223,0,1,1,3,1,0,0
1,25,1,24,4,2,1118,1,0,1,3,1,0,1
0,26,2,4,4,2,2875,1,0,8,2,8,5,2
1,45,2,2,2,2,18824,1,0,26,3,24,10,1
0,55,0,8,2,0,13577,1,1,34,3,33,9,15
1,21,1,10,3,2,2625,0,0,2,1,2,2,2
0,46,2,4,2,1,18789,0,1,26,3,11,4,0
0,34,2,2,1,2,4538,1,0,4,3,3,2,0
0,51,1,9,2,0,19847,1,1,31,2,29,10,11
0,59,2,18,4,2,10512,0,0,25,2,9,7,5
0,34,1,19,2,0,4444,0,2,15,4,11,8,5
0,28,1,1,3,2,2154,1,0,5,2,4,2,0
0,44,2,4,1,0,19190,0,2,26,2,25,9,14
0,34,1,11,2,1,4490,0,2,14,4,10,9,1
0,35,2,6,3,1,3506,1,0,4,3,3,2,2
0,42,2,7,2,1,2372,1,0,18,3,1,0,0
0,43,2,4,4,2,10231,0,0,23,4,21,7,15
0,36,2,2,2,2,5410,1,0,18,3,16,14,5
1,44,2,15,4,1,7978,0,1,10,3,10,7,0
0,28,1,2,4,1,3867,1,1,2,3,2,2,2
0,51,1,6,3,2,2838,0,0,8,2,7,0,7
0,30,0,9,3,2,4695,1,0,10,3,8,4,1
1,29,2,7,3,0,3339,1,2,10,3,7,7,7
0,28,2,1,1,2,2080,0,0,5,2,3,2,1
0,25,2,1,2,2,2096,0,0,2,2,2,2,2
0,32,2,8,4,1,6209,0,2,10,4,10,7,0
0,45,1,25,2,2,18061,0,0,22,3,0,0,0
0,39,2,13,2,0,17123,1,2,21,3,19,9,15
0,58,2,23,3,0,2372,0,2,2,3,2,2,2
1,32,2,7,3,1,4883,0,1,10,3,10,4,1
1,39,2,23,1,2,3904,0,0,6,3,5,2,0
0,30,2,6,4,1,4627,0,1,10,3,9,2,6
0,36,2,10,3,1,7094,0,0,10,3,7,7,1
0,46,2,1,1,2,3423,0,0,10,4,7,6,5
0,28,0,1,4,1,6674,0,3,10,3,9,8,7
0,50,2,28,1,1,16880,1,0,25,3,3,2,1
1,40,2,25,2,2,9094,1,0,9,3,5,4,1
1,52,2,5,2,2,8446,1,0,10,2,8,7,7
0,30,2,17,1,1,11916,1,2,9,3,9,1,0
0,39,2,18,3,2,4534,0,0,9,3,8,7,1
0,31,0,2,3,0,9852,1,1,10,2,10,8,9
0,41,0,10,2,2,6151,0,0,19,3,19,2,11
1,31,1,1,2,2,2302,1,0,3,4,3,2,2
1,44,2,3,1,1,2362,0,0,10,4,3,2,1
0,42,0,2,3,1,17861,1,0,21,2,20,8,2
0,55,2,2,3,1,19187,0,1,23,3,19,9,9
0,56,2,8,2,2,19717,0,0,36,3,7,3,7
0,40,0,16,3,0,3544,0,1,6,3,4,2,0
0,34,2,9,4,0,8500,0,1,10,2,9,7,1
0,40,2,2,4,2,4661,0,0,9,3,9,8,8
0,41,1,1,1,0,4103,0,1,10,3,9,3,1
0,35,1,4,3,2,4249,1,0,9,3,9,6,1
0,51,2,5,2,0,14026,1,1,33,3,33,9,0
0,38,2,2,1,0,6893,0,1,11,3,7,7,1
0,34,2,15,1,2,6125,0,0,10,4,10,8,9
0,25,2,19,4,1,3669,0,3,7,2,3,2,1
1,58,2,7,1,1,10008,1,0,31,2,10,9,5
0,40,2,1,2,1,2387,0,1,7,3,4,2,0
0,36,1,7,1,1,4639,0,1,17,2,15,7,6
0,48,2,4,4,2,7898,0,0,11,3,10,9,0
0,27,2,11,4,1,2534,0,1,5,3,1,0,0
0,51,2,11,2,2,13142,0,0,29,2,5,2,0
0,18,0,1,4,2,1611,0,0,0,4,0,0,0
0,35,2,1,4,1,5363,0,1,10,3,9,7,0
0,27,1,2,4,2,5071,0,0,8,3,6,2,0
1,55,2,13,3,2,13695,1,0,24,2,19,7,3
0,56,2,23,2,1,13402,1,1,33,3,19,16,15
0,34,0,26,3,0,2029,0,3,5,3,5,4,0
0,40,2,2,3,0,6377,0,3,15,3,12,11,11
0,34,2,29,3,1,5429,0,2,10,3,8,7,7
1,31,1,2,4,2,2785,0,0,3,4,1,0,0
1,35,1,18,3,1,4614,1,1,5,2,4,2,3
0,38,1,7,3,0,2610,0,3,4,3,4,2,0
0,34,2,2,4,2,6687,0,0,14,4,14,11,4
0,28,2,26,1,1,4724,0,1,5,3,5,3,0
1,31,2,22,3,1,6179,1,2,10,2,10,2,6
0,39,2,21,4,1,6120,1,2,8,4,5,4,1
0,51,1,2,2,1,10596,0,0,14,3,4,2,3
0,41,1,22,4,0,5467,1,2,12,2,6,2,3
0,37,2,4,3,1,2996,1,0,8,3,6,4,1
0,33,1,5,4,1,9998,0,0,8,4,5,4,1
0,32,2,2,2,1,4078,1,3,4,2,3,2,1
0,39,0,25,3,1,10920,0,1,13,3,6,4,0
0,25,2,18,3,1,6232,0,0,6,2,3,2,1
0,52,1,28,3,1,13247,1,1,24,2,5,3,0
0,43,2,6,3,2,4081,1,0,20,1,20,7,1
0,27,2,10,4,1,5769,1,0,6,3,6,2,4
1,27,2,17,3,2,2394,1,0,8,3,8,2,7
0,26,2,2,4,2,3904,0,0,5,3,4,3,1
0,42,2,10,1,1,16799,0,1,21,3,20,7,0
0,52,2,8,1,1,2950,0,0,12,1,5,4,0
0,37,2,11,3,2,3629,0,0,8,3,3,2,0
0,35,1,18,4,2,9362,0,0,10,3,2,2,2
0,25,2,1,4,1,3229,0,1,7,2,3,2,0
0,26,2,7,1,2,3578,0,0,8,3,7,7,0
0,29,2,17,1,2,7988,0,0,10,2,10,9,0
1,49,1,28,1,2,4284,0,0,20,3,4,3,1
1,29,1,14,4,2,7553,1,0,9,3,8,7,7
0,54,2,1,4,2,17328,0,0,29,2,20,7,12
0,58,2,1,1,1,19701,1,1,32,3,9,8,1
0,55,2,1,4,0,14732,0,2,31,4,7,7,0
0,36,2,3,2,2,9278,1,0,15,3,5,4,0
1,31,1,1,3,2,1359,0,0,1,3,1,0,0
0,30,2,7,1,0,4779,0,2,8,3,3,2,0
0,31,2,8,2,2,16422,0,0,9,4,3,2,1
0,34,1,1,1,0,2996,0,2,10,3,4,3,1
1,31,2,8,2,2,1261,0,0,1,4,1,0,0
0,27,2,11,1,1,2099,0,0,6,4,5,0,1
0,36,2,4,4,2,5810,0,0,10,2,10,4,1
0,36,2,16,1,1,5647,0,2,11,2,3,2,0
0,47,2,1,4,1,3420,0,1,17,2,6,5,1
1,25,2,9,1,1,4400,0,0,6,3,3,2,2
0,37,0,5,3,2,3500,0,0,7,1,6,5,1
0,56,2,1,1,1,2066,0,1,5,4,3,2,1
0,47,2,2,3,1,17169,0,2,26,4,20,17,5
0,24,2,4,3,1,4162,1,2,5,3,5,4,0
0,32,2,7,4,1,9204,0,1,7,2,4,3,0
0,34,2,1,2,1,3294,0,1,7,2,5,4,0
0,41,2,5,3,1,2127,1,0,7,2,4,2,0
0,40,0,9,3,0,3975,0,2,11,4,8,7,0
0,31,2,8,4,0,10793,0,1,13,3,13,7,9
1,46,2,9,4,0,10096,0,1,28,4,7,7,4
1,39,0,2,1,2,3646,1,0,11,4,1,0,0
1,31,1,1,2,2,7446,0,0,10,3,10,8,4
0,45,2,20,1,0,10851,1,1,24,3,7,7,0
0,31,2,8,2,2,2109,0,0,8,3,3,2,0
1,31,1,2,4,1,3722,1,1,7,1,2,2,2
0,45,2,29,4,1,9380,1,2,10,4,3,1,1
0,48,2,7,1,0,5486,0,3,15,3,2,2,2
1,34,2,9,3,1,2742,0,0,2,3,2,2,2
0,40,0,8,2,0,13757,0,1,16,3,9,8,4
0,28,2,5,1,2,8463,0,0,6,3,5,4,1
0,44,0,5,3,2,3162,0,0,7,3,5,2,0
0,53,2,2,2,2,16598,0,0,35,2,9,8,8
0,49,2,5,3,1,6651,0,1,20,2,3,2,1
0,40,2,2,3,0,2345,0,1,8,4,3,1,1
0,44,2,20,2,2,3420,0,0,6,2,5,2,1
0,33,1,7,1,1,4373,0,2,5,3,4,3,0
0,34,2,3,1,2,4759,0,0,15,3,13,9,3
0,30,2,16,3,1,5301,0,2,4,2,2,1,2
0,42,1,9,4,2,3673,0,0,12,3,12,9,5
0,44,1,1,3,1,4768,0,1,11,2,1,0,0
0,30,0,7,3,0,1274,0,2,1,2,1,0,0
0,57,2,1,3,1,4900,0,1,13,2,12,9,2
0,49,2,7,2,0,10466,0,2,29,3,8,7,0
0,34,1,15,1,0,17007,0,2,16,2,14,8,6
1,28,1,1,3,1,2909,0,1,5,4,3,2,1
1,29,1,13,2,2,5765,0,0,7,1,5,3,0
1,34,2,24,2,2,4599,1,0,16,4,15,9,10
0,35,2,7,3,1,2404,0,1,1,3,1,0,0
1,24,1,9,1,2,3172,1,0,4,2,0,0,0
0,24,0,13,2,1,2033,0,1,1,3,1,0,0
0,44,1,2,3,2,10209,1,0,16,2,2,2,2
0,29,2,19,3,0,8620,0,2,10,3,10,7,0
0,30,2,1,3,0,2064,0,1,6,4,5,3,1
0,55,2,4,3,1,4035,1,0,4,3,3,2,1
0,33,2,4,2,1,3838,0,0,8,3,5,4,0
0,47,2,14,3,1,4591,1,1,11,2,5,4,1
1,28,1,2,1,2,2561,0,0,8,2,0,0,0
0,28,2,1,3,0,1563,0,1,1,1,1,0,0
0,28,1,7,1,2,4898,0,0,5,3,4,2,1
0,49,2,3,1,1,4789,0,1,10,3,3,2,1
0,29,1,2,2,1,3180,0,3,4,3,3,2,0
0,28,2,29,2,1,6549,0,2,8,2,8,6,1
0,33,2,8,3,2,6388,1,0,14,3,0,0,0
0,32,2,10,4,2,11244,0,0,10,4,5,2,0
0,54,1,11,4,0,16032,0,1,26,3,14,9,1
1,29,2,1,1,2,2362,0,0,11,1,9,7,0
0,44,2,28,1,1,16328,0,1,24,4,20,6,14
0,39,2,6,2,2,8376,0,0,9,3,2,0,2
0,46,2,3,2,1,16606,0,1,23,4,13,12,5
0,35,2,16,2,2,8606,0,0,11,1,11,8,3
0,23,2,20,3,2,2272,0,0,5,3,4,3,1
1,40,2,9,1,2,2018,0,0,15,1,5,4,1
0,34,2,1,3,1,7083,1,0,10,3,10,9,8
1,31,1,3,3,2,4084,0,0,7,1,7,2,7
0,50,1,22,4,2,14411,1,0,32,3,32,6,13
0,34,2,7,3,1,2308,1,1,12,3,11,10,5
0,42,2,2,2,1,4841,0,1,4,3,1,0,0
0,37,2,13,4,1,4285,0,0,10,3,10,8,3
0,29,2,8,1,1,9715,0,1,9,3,7,7,0
0,33,2,25,2,2,4320,0,0,5,3,5,3,0
0,45,2,28,4,1,2132,0,1,8,3,5,4,0
0,42,1,2,4,1,10124,1,1,24,1,20,8,13
0,40,2,9,1,1,5473,0,0,9,4,8,4,7
0,33,2,28,3,1,5207,1,1,15,3,15,14,5
0,40,2,6,4,2,16437,1,0,21,3,21,7,7
0,24,2,21,1,0,2296,0,3,2,3,1,1,0
0,40,0,8,4,0,4069,1,0,8,3,2,2,2
0,45,2,1,2,0,7441,0,3,10,3,10,8,7
0,35,2,28,3,1,2430,0,2,6,3,5,3,4
0,32,2,5,2,1,5878,0,1,12,3,7,1,2
0,36,2,2,4,2,2644,1,0,7,2,3,2,1
0,48,2,16,3,0,6439,0,1,18,3,8,7,7
0,29,2,9,3,1,2451,0,2,5,2,1,0,0
0,33,2,8,1,1,6392,0,1,8,1,2,2,2
1,30,2,1,1,1,9714,0,1,10,3,10,8,6
0,38,1,10,3,1,6077,0,0,10,3,6,3,1
0,35,2,1,1,2,2450,0,0,3,3,3,0,1
0,30,2,29,2,1,9250,0,1,9,3,4,2,1
1,35,2,2,1,0,2074,1,1,1,3,1,0,0
1,53,2,2,4,1,10169,0,1,34,3,33,7,1
1,38,2,2,2,1,4855,0,2,7,3,5,2,1
0,32,0,1,1,1,4087,0,1,9,2,6,5,1
0,48,2,15,1,1,2367,0,1,10,2,8,2,7
0,34,2,7,4,2,2972,0,0,1,1,1,0,0
0,55,2,26,4,1,19586,0,1,36,3,36,6,2
0,34,2,1,4,1,5484,0,1,9,2,2,2,2
0,26,2,3,4,1,2061,0,0,1,3,1,0,0
0,38,2,14,2,1,9924,0,1,10,3,9,8,7
0,38,2,16,2,2,4198,0,0,8,4,3,2,1
0,36,2,1,3,2,6815,0,0,15,3,1,0,0
0,29,2,3,1,2,4723,1,0,10,3,10,9,1
0,35,2,10,3,2,6142,1,0,10,3,5,2,0
0,39,2,6,3,1,8237,0,1,11,3,7,6,7
0,29,1,2,4,0,8853,0,1,6,4,6,4,1
0,50,2,9,3,1,19331,1,1,27,3,1,0,0
0,23,2,10,3,1,2073,0,1,4,3,2,2,2
0,36,1,6,1,1,5562,1,1,9,3,3,2,0
0,42,2,9,4,2,19613,0,0,24,3,1,0,0
0,35,2,28,3,1,3407,0,2,10,2,10,9,6
0,34,1,10,3,1,5063,0,1,8,2,8,2,7
0,40,2,14,1,1,4639,0,1,5,3,5,4,1
0,43,2,27,2,0,4876,0,1,8,3,6,4,0
0,35,2,7,4,1,2690,0,1,1,2,1,0,0
0,46,2,1,1,2,17567,0,0,27,1,26,0,0
1,28,2,24,2,1,2408,1,3,1,3,1,1,0
0,22,0,26,3,1,2814,1,0,4,2,4,2,1
0,50,1,20,3,1,11245,1,1,32,3,30,8,12
0,32,2,5,4,1,3312,0,2,6,3,3,2,0
0,44,2,7,4,0,19049,1,1,23,2,22,7,1
0,30,2,7,2,1,2141,0,1,6,2,6,4,1
0,45,2,5,1,2,5769,1,0,10,3,10,7,1
0,45,0,26,1,1,4385,0,1,10,3,10,7,4
0,31,1,2,1,2,5332,0,0,10,3,5,2,0
0,36,2,12,3,1,4663,1,2,7,3,3,2,1
0,34,1,10,4,0,4724,0,1,9,3,9,7,7
0,49,2,25,1,1,3211,0,1,10,2,9,6,1
0,39,2,10,1,1,5377,0,3,10,3,7,7,7
0,27,2,19,1,0,4066,0,2,7,3,7,7,0
0,35,2,18,1,1,5208,0,0,16,3,16,15,1
0,28,2,27,1,0,4877,0,1,6,2,5,3,0
0,21,2,5,4,2,3117,0,0,3,3,2,2,2
1,18,1,3,4,2,1569,1,0,0,4,0,0,0
0,47,2,26,3,1,19658,0,1,27,3,5,2,1
0,39,2,3,3,0,3069,0,1,11,3,10,8,0
0,40,2,15,3,1,10435,0,2,18,3,18,15,14
0,35,0,8,3,1,4148,0,1,15,3,14,11,2
0,37,2,19,3,1,5768,0,3,9,2,4,3,0
0,39,1,4,3,2,5042,0,0,10,1,9,2,3
0,45,2,2,4,0,5770,0,2,10,3,10,7,3
0,38,2,2,3,1,7756,1,1,10,4,5,4,0
1,35,2,10,1,1,10306,0,0,15,3,13,12,6
0,37,2,10,2,1,3936,0,1,8,1,8,4,7
0,40,2,16,4,2,7945,1,0,18,2,4,2,3
0,44,1,1,4,1,5743,1,0,14,3,10,7,0
0,48,1,4,4,1,15202,0,1,23,3,2,2,2
1,35,2,15,4,0,5440,1,2,7,2,2,2,2
0,24,1,2,4,2,3760,1,0,6,3,6,3,1
0,27,2,8,3,1,3517,0,0,5,3,3,2,0
0,27,1,2,4,2,2580,0,0,6,2,4,2,1
1,40,2,7,1,2,2166,1,0,10,1,4,2,0
0,29,2,10,3,2,5869,0,0,8,3,5,2,1
0,36,2,5,1,1,8008,0,2,9,3,3,2,0
0,25,1,2,3,0,5206,0,2,7,3,7,7,0
0,39,2,12,2,1,5295,0,0,7,3,5,4,1
0,49,2,22,2,1,16413,0,2,27,3,4,2,1
0,50,2,17,1,0,13269,0,3,19,3,14,11,1
0,20,2,2,3,2,2783,0,0,2,3,2,2,2
0,34,2,3,2,0,5433,0,1,11,3,11,8,7
0,36,2,7,2,2,2013,0,0,15,3,4,3,1
0,49,2,6,3,1,13966,1,1,30,3,15,11,2
0,36,0,1,3,1,4374,0,0,4,3,3,2,1
0,36,2,3,1,0,6842,0,1,13,3,5,4,0
0,54,2,22,3,1,17426,0,1,36,3,10,8,4
0,43,2,15,3,1,17603,0,1,14,3,14,10,6
1,35,1,12,4,2,4581,1,0,13,4,11,9,6
0,38,1,1,4,1,4735,0,2,19,4,13,11,2
0,29,2,5,2,0,4187,1,1,10,2,10,0,0
0,33,2,2,4,0,5505,0,2,6,3,6,2,0
0,32,2,2,2,0,5470,0,2,10,2,9,5,1
0,31,2,5,4,1,5476,0,2,10,3,10,0,0
0,49,2,16,1,0,2587,1,1,17,2,2,2,2
0,38,1,2,2,2,2440,0,0,4,3,4,3,3
0,47,2,2,2,0,15972,0,3,29,3,3,2,1
0,49,2,1,3,2,15379,0,0,23,3,8,7,0
0,41,2,23,3,2,7082,1,0,21,3,2,0,0
0,20,2,9,1,2,2728,0,0,2,3,2,2,0
0,33,0,16,4,0,5368,1,1,7,3,6,5,1
0,36,2,26,3,1,5347,0,2,10,2,3,2,0
0,44,2,1,4,0,3195,1,3,8,3,2,2,2
1,23,2,8,3,2,3989,1,0,5,3,5,4,1
0,38,2,4,3,1,3306,0,1,7,2,0,0,0
0,53,2,24,4,1,7005,0,0,11,3,4,3,1
1,48,1,7,3,1,2655,1,2,19,3,9,7,7
1,32,2,2,2,2,1393,0,0,1,3,1,0,0
0,26,0,7,4,2,2570,0,0,7,3,7,7,5
0,55,2,22,2,0,3537,0,1,8,3,4,2,1
0,34,2,5,4,1,3986,0,1,15,4,15,10,4
0,60,2,1,4,0,10883,0,1,19,4,1,0,0
0,33,2,21,2,1,2028,0,3,14,3,14,11,2
0,37,1,1,4,0,9525,0,2,6,2,6,3,1
0,34,2,19,4,1,2929,0,0,10,3,10,9,8
1,23,2,7,4,0,2275,1,1,3,3,3,2,0
0,44,2,2,4,1,7879,1,1,9,3,8,7,6
0,35,1,2,4,2,4930,1,0,6,4,5,4,1
0,43,2,2,4,1,7847,1,1,10,3,10,9,8
0,24,2,9,3,1,4401,0,1,5,3,5,3,0
0,41,2,6,3,2,9241,0,0,10,3,10,8,8
0,29,2,9,3,1,2974,0,1,9,3,5,3,1
0,36,2,2,4,2,4502,0,0,17,2,13,7,6
0,45,0,1,3,1,10748,0,1,25,2,23,15,14
1,24,2,22,3,1,1555,0,1,1,3,1,0,0
1,47,1,9,3,1,12936,0,0,25,1,23,5,14
0,26,2,17,3,1,2305,0,3,3,4,3,2,0
0,45,2,28,2,2,16704,0,0,21,3,21,6,8
0,32,1,10,3,1,3433,0,1,10,2,5,2,1
0,31,2,2,3,1,3477,0,1,6,4,5,2,0
0,41,0,4,2,1,6430,0,1,10,3,3,2,1
0,40,2,8,1,1,6516,1,1,18,3,1,0,0
0,24,2,29,1,0,3907,0,3,6,4,6,2,1
0,46,2,13,2,2,5562,0,0,19,3,10,7,0
0,35,2,27,3,1,6883,0,1,17,3,7,7,0
0,30,2,16,4,1,2862,0,1,10,2,10,0,0
0,47,0,2,2,1,4978,0,1,4,1,1,0,0
0,46,2,2,4,0,10368,1,1,13,2,10,6,0
1,36,2,13,1,0,6134,1,3,16,3,2,2,2
1,32,2,1,2,2,6735,0,0,10,3,0,0,0
0,23,2,4,2,2,3295,0,0,3,1,3,2,1
0,31,1,24,4,2,5238,0,0,9,2,5,4,1
0,39,0,1,4,1,6472,1,1,9,3,9,8,5
0,32,2,19,3,1,9610,0,1,10,1,4,3,0
0,40,2,7,2,2,19833,0,0,21,2,21,8,12
0,45,2,4,3,1,9756,0,2,9,4,5,0,0
0,30,1,2,1,2,4968,0,0,10,3,9,7,0
0,24,1,10,4,1,2145,0,1,3,3,2,2,2
1,30,1,8,4,0,2180,0,1,6,2,4,2,1
0,31,2,5,3,1,8346,0,1,6,3,5,2,0
0,27,2,8,4,2,3445,0,0,6,2,6,2,1
1,29,2,9,2,2,2760,0,0,2,3,2,2,2
0,29,1,1,3,2,6294,1,0,10,4,3,2,0
0,30,2,15,1,0,7140,0,1,12,3,7,7,1
0,34,2,2,4,1,2932,1,3,6,3,5,0,1
0,33,0,2,2,2,5147,0,0,13,2,11,7,1
0,49,2,11,4,2,4507,0,0,8,4,5,1,0
1,33,2,16,1,2,8564,1,0,11,2,0,0,0
0,38,1,2,2,1,2468,0,1,9,2,6,1,0
1,31,2,16,3,1,8161,0,3,10,3,1,0,0
0,29,2,4,1,0,2109,0,1,1,3,1,0,0
0,30,2,16,3,1,5294,0,1,10,3,7,0,1
0,32,0,5,2,2,2718,0,0,12,3,7,7,0
0,38,2,18,4,1,5811,1,1,15,3,1,0,1
1,43,1,17,3,1,2437,1,1,6,3,1,0,0
0,42,2,12,2,0,2766,0,3,7,2,5,3,0
0,55,2,2,1,1,19038,0,3,34,3,1,0,0
0,33,0,4,2,0,3055,0,2,11,2,9,8,1
0,41,2,9,1,0,2289,0,2,5,3,5,3,0
0,34,0,10,3,0,4001,1,1,15,3,15,14,0
0,53,0,1,3,1,12965,1,3,27,2,3,2,0
0,43,2,2,4,2,3539,0,0,10,3,9,7,1
0,34,2,3,4,2,6029,0,0,6,3,2,2,2
1,21,2,7,2,2,2679,0,0,1,3,1,0,1
0,38,2,6,3,1,3702,0,1,5,3,5,4,0
1,22,2,8,1,1,2398,1,0,1,3,1,0,0
0,31,2,29,4,1,5468,0,2,13,3,12,7,5
0,51,2,3,3,1,13116,0,0,15,3,2,2,2
0,37,2,9,2,1,4189,0,2,5,3,5,2,0
0,46,2,2,4,0,19328,1,1,24,3,2,1,2
0,36,2,10,1,1,8321,1,1,15,3,12,8,5
1,44,1,1,2,0,2342,1,3,6,2,5,3,2
0,37,2,8,2,0,4071,0,0,19,2,10,0,4
1,35,2,27,4,2,5813,1,0,10,3,10,7,7
0,33,2,8,1,1,3143,0,1,14,3,10,8,7
0,28,2,1,4,1,2044,0,1,5,4,5,3,0
0,39,2,10,3,2,13464,0,0,9,3,4,3,2
0,46,0,26,2,2,7991,0,0,6,3,2,2,2
0,40,2,2,1,1,3377,0,1,7,2,4,3,0
0,42,2,13,1,1,5538,0,2,10,2,0,0,0
0,35,0,2,4,0,5762,0,1,15,3,7,7,1
0,38,0,2,2,0,2592,0,3,13,3,11,10,3
1,34,1,9,1,1,5346,0,1,11,2,7,1,0
1,37,2,10,1,2,4213,0,0,10,1,10,3,0
0,39,1,20,4,0,4127,0,1,7,3,2,1,2
0,43,0,9,3,2,2438,0,0,7,2,3,2,1
0,41,2,5,2,2,6870,0,0,11,1,3,2,1
0,41,2,4,3,0,10447,1,1,23,4,22,14,13
0,30,2,10,3,2,9667,0,0,9,3,7,7,0
1,26,2,20,2,1,2148,1,0,6,3,5,1,1
1,46,2,21,2,1,8926,0,1,13,4,9,7,3
0,40,2,1,4,0,6513,0,1,12,3,5,3,0
0,34,2,8,3,1,6799,0,2,10,3,10,8,4
0,58,0,2,2,0,16291,0,1,37,2,16,9,14
0,35,2,23,3,1,2705,0,1,6,4,5,4,0
0,47,2,4,2,0,10333,1,1,28,3,22,11,14
0,40,2,12,1,0,4448,0,1,15,3,7,4,7
0,54,2,7,4,1,6854,0,1,14,2,7,1,1
0,31,1,7,1,1,9637,0,2,9,3,3,2,2
0,28,2,1,1,1,3591,0,1,3,3,3,2,1
0,38,2,2,4,1,5405,1,2,20,2,4,2,0
0,26,2,10,4,2,4684,0,0,5,3,5,3,1
0,58,1,15,3,1,15787,1,0,23,3,2,2,2
0,18,0,14,3,2,1514,0,0,0,1,0,0,0
1,31,2,18,1,1,2956,0,0,2,3,1,0,0
1,29,2,13,1,0,2335,1,3,4,3,2,2,2
0,45,0,2,3,1,5154,0,2,10,4,8,7,5
0,36,2,2,2,1,6962,1,1,15,3,1,0,0
0,43,1,2,4,1,5675,0,1,7,3,7,7,7
0,27,1,5,4,2,2379,1,0,6,2,5,4,0
0,29,1,20,4,1,3812,0,0,11,4,11,8,3
0,32,1,10,4,2,4648,0,0,4,4,0,0,0
0,42,0,10,3,1,2936,0,2,10,2,6,3,3
0,47,2,9,3,2,2105,0,0,7,3,2,2,2
0,46,2,2,4,0,8578,0,1,12,2,9,8,4
0,28,0,1,4,0,2706,0,1,3,3,3,2,2
0,29,2,29,3,0,6384,0,2,11,3,7,0,1
0,42,2,8,3,2,3968,0,0,8,3,0,0,0
1,32,2,2,2,2,9907,1,0,7,2,2,2,2
0,46,2,3,1,0,13225,0,1,25,3,19,17,2
0,27,2,23,3,1,3540,0,1,9,3,9,8,5
0,29,2,6,2,1,2804,0,0,1,3,1,0,0
0,43,2,6,3,1,19392,0,0,21,3,16,12,6
0,48,2,10,2,1,19665,0,0,29,3,22,10,12
1,29,1,24,4,2,2439,1,0,1,2,1,0,1
1,46,2,10,2,1,7314,0,3,14,3,8,7,0
0,27,1,15,1,1,4774,0,1,8,2,7,6,7
0,39,2,19,4,0,3902,0,3,7,3,2,2,2
0,55,2,2,4,1,2662,0,1,19,4,5,2,0
0,28,2,3,2,1,2856,0,1,1,3,1,0,0
1,30,2,9,4,2,1081,0,0,1,2,1,0,0
1,22,2,7,2,2,2472,1,0,1,3,1,0,0
0,36,2,10,3,1,5673,1,1,10,3,10,9,1
0,31,2,20,3,0,4197,0,1,10,3,10,8,0
0,34,2,4,4,1,9713,1,3,9,3,5,3,1
0,29,2,7,1,2,2062,0,0,11,3,3,2,1
0,37,2,7,1,1,4284,1,1,16,3,5,3,0
0,35,2,16,2,1,4788,1,0,4,3,3,2,0
0,45,2,25,4,1,5906,0,2,10,2,9,8,3
0,36,1,2,4,2,3886,0,0,10,2,10,1,0
0,40,2,1,1,0,16823,0,1,22,3,19,7,11
0,26,2,1,3,1,2933,1,1,1,2,1,0,1
0,27,2,2,3,2,6500,0,0,9,2,8,7,0
0,48,1,22,4,0,17174,0,1,24,3,22,17,4
0,44,2,1,1,1,5033,0,1,10,3,2,0,2
1,34,0,16,1,1,2307,1,1,5,3,5,2,3
1,56,2,24,4,2,2587,0,0,5,3,4,2,1
0,36,2,17,2,1,5507,0,2,12,1,4,2,1
0,41,2,8,2,1,4393,0,1,14,3,5,4,1
0,42,2,6,1,1,13348,0,1,18,4,13,7,5
0,31,2,10,4,0,6583,1,1,8,3,5,2,1
0,34,2,3,4,1,8103,1,0,9,2,4,2,0
0,31,2,4,3,0,3978,0,1,4,2,2,2,2
0,26,1,6,4,1,2544,0,1,8,3,7,7,7
0,45,1,1,3,2,5399,0,0,12,3,4,2,0
0,33,2,10,3,2,5487,0,0,10,2,10,4,0
0,28,1,1,4,1,6834,1,1,7,3,7,7,0
1,29,1,24,1,2,1091,0,0,1,3,1,0,0
0,39,0,21,3,1,5736,0,1,10,3,3,2,1
0,27,2,2,2,1,2226,0,1,6,2,5,3,1
0,34,1,22,4,1,5747,1,0,16,3,15,10,6
1,28,2,13,3,2,9854,1,0,6,3,2,0,2
0,47,0,14,2,1,5467,0,1,16,4,8,7,1
0,56,2,11,1,1,5380,0,1,6,3,0,0,0
0,39,2,9,1,1,5151,0,1,10,3,10,0,7
0,38,1,8,2,0,2133,1,1,20,3,20,11,0
0,58,2,21,4,1,17875,1,1,29,2,1,0,0
1,32,1,5,3,2,2432,1,0,8,3,4,1,0
0,38,2,9,4,0,4771,0,2,10,4,5,2,0
0,49,1,2,4,1,19161,0,0,28,3,5,4,4
0,42,2,12,4,0,5087,1,2,14,3,0,0,0
1,27,1,22,2,1,2863,0,0,1,3,1,0,0
0,35,2,18,1,1,5561,0,1,6,1,5,3,0
0,28,0,16,3,2,2144,0,0,5,2,5,3,1
0,31,0,3,1,0,3065,1,1,4,4,4,2,2
0,36,0,9,2,1,2810,0,0,5,3,5,4,0
0,34,2,1,4,2,9888,0,0,14,2,14,8,2
0,34,2,13,3,0,8628,0,1,9,2,8,7,1
0,26,2,1,1,2,2867,0,0,8,2,7,7,7
0,29,2,1,1,1,5373,0,1,6,2,5,3,0
0,32,0,15,4,0,6667,0,1,9,3,5,1,1
0,31,1,1,1,1,5003,0,0,10,3,10,8,8
1,28,2,17,4,0,2367,0,1,6,2,4,1,0
0,38,2,1,1,2,2858,0,0,20,2,1,0,0
0,35,2,7,4,1,5204,1,0,10,3,10,8,0
0,27,2,9,4,2,4105,0,0,7,3,7,7,0
0,32,2,5,4,2,9679,0,0,8,3,1,0,0
1,31,1,26,4,1,5617,1,0,10,3,10,7,0
1,53,2,24,1,2,10448,1,0,15,2,2,2,2
0,54,2,9,3,1,2897,0,2,9,2,4,3,2
0,33,1,7,3,0,5968,0,3,9,3,9,7,2
0,43,2,11,3,1,7510,0,1,10,3,10,9,0
0,38,1,1,2,1,2991,1,1,7,3,6,2,1
0,55,2,26,2,1,19636,1,1,35,3,10,9,1
0,31,2,2,4,0,1129,1,3,1,3,1,0,0
0,39,2,15,1,2,13341,0,0,21,3,20,8,11
0,42,0,23,3,2,4332,0,0,20,3,20,9,3
0,31,0,10,3,1,11031,0,1,13,4,11,7,4
0,54,2,10,1,2,4440,1,0,9,3,5,2,1
0,24,2,1,3,2,4617,0,0,4,2,4,3,1
0,23,2,12,4,2,2647,0,0,5,4,5,2,1
0,40,1,11,3,1,6323,0,1,10,4,10,9,9
0,40,2,2,2,1,5677,0,1,15,3,11,8,5
0,25,2,2,2,1,2187,0,0,6,3,2,0,1
0,30,2,1,2,1,3748,0,0,12,2,12,8,1
0,25,2,2,3,0,3977,1,1,7,2,2,2,0
0,47,2,25,3,2,8633,0,0,25,3,17,14,12
0,33,0,1,3,0,2008,0,3,1,2,1,1,0
0,38,2,1,2,1,4440,0,2,16,3,15,13,5
0,31,2,2,3,1,3067,0,1,3,3,2,2,1
0,38,1,6,3,1,5321,0,1,10,3,8,3,7
0,42,2,18,1,0,5410,1,1,9,2,4,3,1
0,41,2,1,4,1,2782,0,1,12,3,5,3,1
0,47,0,1,2,1,11957,0,2,14,1,13,8,5
0,35,2,11,3,1,2660,1,1,5,3,2,2,2
0,22,2,1,3,2,3375,0,0,4,4,3,2,1
0,35,2,9,3,2,5098,0,0,10,3,10,7,0
0,33,2,15,4,1,4878,1,1,10,3,9,7,8
0,32,2,29,2,2,2837,0,0,6,3,6,2,4
0,40,2,1,4,1,2406,0,2,8,2,1,0,0
0,32,2,1,2,1,2269,0,1,3,3,2,2,2
0,39,2,24,4,2,4108,0,0,18,3,7,7,1
0,38,2,10,3,1,13206,0,1,20,3,18,16,1
0,32,2,1,4,1,10422,0,2,14,3,14,10,5
0,37,2,10,4,1,13744,1,1,16,3,16,11,6
0,25,2,8,3,0,4907,1,1,6,2,5,3,0
0,52,0,29,4,0,3482,0,2,16,2,9,8,0
0,44,2,1,4,2,2436,1,0,6,3,4,3,1
0,21,2,5,1,2,2380,1,0,2,3,2,2,1
0,39,0,9,4,2,19431,0,0,21,2,6,0,1
1,23,1,9,1,1,1790,0,1,1,2,1,0,1
0,36,2,3,4,1,7644,0,2,10,3,9,7,3
0,36,1,4,2,0,5131,0,3,18,3,4,2,0
0,56,0,1,3,0,6306,0,1,13,2,13,12,1
1,29,2,1,4,1,4787,1,3,4,4,2,2,2
0,42,2,2,3,1,18880,0,0,24,2,22,6,4
1,56,2,7,3,1,2339,0,1,14,1,10,9,9
0,41,2,28,2,1,13570,0,1,21,3,20,7,0
0,34,2,28,3,1,6712,0,2,8,3,8,7,1
0,36,0,15,4,0,5406,0,1,15,2,15,12,11
0,41,2,3,2,0,8938,0,1,14,3,5,4,0
0,32,2,2,1,2,2439,0,0,4,3,4,2,1
0,35,2,26,4,2,8837,1,0,9,3,9,0,1
0,38,2,10,4,1,5343,0,1,10,3,10,7,1
1,50,1,1,3,0,6728,0,2,12,3,6,3,0
0,36,2,11,4,1,6652,0,1,8,2,6,3,0
0,45,2,20,3,2,4850,0,0,8,3,5,3,0
0,40,2,2,3,2,2809,0,0,8,3,2,2,2
0,35,1,18,3,1,5689,1,2,10,4,10,2,0
0,40,2,2,3,1,2001,0,3,20,3,5,3,0
0,35,2,1,4,1,2977,0,1,4,3,4,3,1
0,29,2,13,2,1,4025,1,1,10,3,4,3,0
0,29,2,28,1,2,3785,0,0,5,1,5,4,0
1,50,2,28,1,0,10854,1,1,20,3,3,2,2
0,39,2,24,4,1,12031,0,1,21,2,20,9,9
0,31,0,5,1,2,9936,0,0,10,3,9,4,1
0,26,2,5,3,2,2966,0,0,5,3,4,2,0
0,36,1,23,4,1,2571,0,1,17,3,5,2,0
0,39,2,6,1,1,9991,0,1,9,3,7,7,1
0,27,2,4,2,1,6142,1,1,6,3,6,2,0
0,49,1,2,2,1,5390,0,0,17,2,9,6,0
0,34,2,8,3,1,4404,0,0,6,4,4,3,1
